Potency vs Parasite (uMol),Ion Regulation Activity,Ion Regulation Test Set,Smiles
0.00044,1,Lit,C[C@@H](C1)N[C@@]2(C(NC3=C2C=C(Cl)C=C3)=O)C4=C1C5=CC(F)=C(Cl)C=C5N4
0.0053,0,M,COc1ccccc1N=C2C(=O)c3ccccc3C(=C2N4CCCCC4)O
0.00671,0,M,Cc1cc(Nc2ccc(C)c(Cl)c2)n3nc(nc3n1)C(F)(F)F
0.0202,1,M,COc1ccc(NC(=O)C2C(N(CC(C)C)C(=O)c3ccccc23)c4cccs4)cc1Cl
0.022,1,Lit,C[C@@H](CC1)N[C@@]2(C(NC3=C2C=C(Cl)C=C3)=O)C4=C1C5=CC=CC=C5N4
0.0226,0,M,Oc1ccccc1CNCC23CC4CC(CC(C4)C2)C3
0.0238,0,M,COc1cccc(C=CC2=NC(=O)c3ccccc3O2)c1OC
0.0248,0,M,Cc1ccc(cc1)N2C3N(c4ccccc4C2N(c5ccccc35)S(=O)(=O)c6ccc(C)cc6)S(=O)(=O)c7ccc(C)cc7
0.025,0,A,CC1=C(/C=C2S/C(NC\2=O)=N\C3=CC=CC=C3)C=C(C)N1C4=CC=CC=C4
0.0255,0,M,CC1CN(CC(C)O1)C(=O)c2sc3ccccc3c2Cl
0.03,1,Lit,O=C1C2=CC=CC=C2[C@H](C(NC3=CC(C#N)=C(F)C=C3)=O)[C@@H](C4=CN=CC=C4)N1CC(F)(F)F
0.0328,1,M,CC(C)CN1C(C(C(=O)Nc2cc(C)on2)c3ccccc3C1=O)c4cccs4
0.0367,1,M,COc1ccc(NC(=O)C2C(N(CC(C)C)C(=O)c3ccccc23)c4cccs4)cc1
0.0368,0,M,C(c1ccccc1)n2c(N=Nc3c(Nc4ccccc4)ccc5ccccc35)nc6ccccc26
0.0423,0,M,COc1ccc2nccc(C(O)C3CC4(CCN3CC4)C=C)c2c1
0.0515,0,M,CN(C)c1ccc(C=CC2=NC(=O)c3ccccc3O2)cc1
0.0581,0,M,c(c(ccn1)NCCN(CC)CC)(ccc(Cl)c2)c12
0.0726,0,M,COc1ccccc1CNC(=O)CCN2C(=O)Nc3ccccc3C2=O
0.074,1,B,FC(OC1=CC=C(C2=NN=C3C=NC=C(N32)OCC(C4=CC(F)=C(C=C4)F)O)C=C1)F
0.0782,1,M,COc1cc(OC)c(cc1Cl)N(C)C(=O)c2cc3CS(=O)(=O)c4ccccc4c3s2
0.0822,0,M,CNCCCNc1ccnc2cc(Cl)ccc12
0.0857,0,M,n1(n2)c(nc(C)cc1Nc(cc(C)cc3C)c3)nc2C(F)(F)F
0.0899,0,M,c1(cc(c2ccc(OC)cc2)n3)n3ccnc1SCC(=O)Nc(c(Cl)ccc4C(F)(F)F)c4
0.0928,0,M,c1(cc(c2ccc(C)cc2)n3)n3ccnc1SCC(=O)Nc(c(Cl)ccc4C(F)(F)F)c4
0.0944,0,M,Cc1ccc(cc1)c2cc3C(=O)c4ccccc4c3nn2
0.106,0,M,CCCCCCOC(=O)C1=C(C)NC(=O)NC1c2ccccc2F
0.1078,1,B,FC1=C(F)C=CC(CCOC2=CN=CC3=NN=C(C4=CC=C(Cl)C=C4)N32)=C1
0.11,1,"A,B",FC(OC(C=C1)=CC=C1C2=NN=C3C=NC=C(CN4CC(C=CC=C5)=C5C4)N32)F
0.1105,1,B,FC1=C(F)C=CC(C(OC)COC2=CN=CC3=NN=C(C4=CC=C(C#N)C=C4)N32)=C1
0.1137,1,B,FC(F)OC(C=C1)=CC=C1C2=NN=C3C=NC=C(OCC(C4=CC=CC=C4)CO)N32
0.117,1,M,CCOc1ccc(cc1OCC)c2nonc2NC(=O)c3cccc(C)c3
0.118,0,M,CCOC(=O)c1ccc2nc(cc(O)c2c1)c3ccccc3
0.119,0,M,CCOC(=O)C1=CN(CC)c2cc(N3CCCCC3)c(F)cc2C1=O
0.13,1,B,ClC(C=C1)=CC=C1C2=NN=C3N2C(OCCC4=CC=CC=C4)=CN=C3
0.135,0,M,CSC1=NC(=Nc2c(C)cccc2C)C3(CCC(CC3)C(C)(C)C)N1c4ccc(Cl)cc4
0.135,1,C,FC(F)OC(C=C1)=CC=C1C2=NN=C3C=NC=C(OCCC4=CC(OC)=CC=C4)N32
0.139,1,M,COc1cccc(NC(=O)[C@H](C(C)C)N2C(=O)Nc3ccccc3C2=O)c1
0.14,0,M,COc1ccccc1CNC(=O)CCN2C(=O)Nc3ccsc3C2=O
0.1408,1,B,FC1=C(C=CC(C(COC2=CN=CC3=NN=C(N32)C4=CC=C(OC(F)F)C=C4)N(C)C)=C1)F
0.1415,0,M,CN1CCN(CC1)c2ccc(Nc3c4ccccc4nc5ccccc35)cc2
0.142,0,M,CCC1(C)CC(CCNCc2ccccc2O)(CCO1)c3ccc(C)cc3
0.142,0,M,[O-][N+](=O)c1ccc(C=NNc2nc3ccccc3[nH]2)cc1
0.146,0,M,CCCc1cc(O)c2C3=C(CN(C)CC3)C(=O)Oc2c1
0.148,0,M,COc1ccc(cc1)C2=C(c3ccc(OC)cc3)C4(C5C(C(=O)N(C5=O)c6ccc(C)cc6)C2(C4=O)c7ccccc7)c8ccccc8
0.154,0,M,CCOC(=O)C1=C(N=C2SC(=Cc3cc(C)n(c3C)c4ccc(F)cc4)C(=O)N2C1c5cccc(OC)c5OC)c6ccccc6
0.161,0,M,CC(C)(C)c1ccc(O)c(CNC2CCCCC2)c1
0.1656666667,0,A,O=C(/C(S/1)=C/C2=C(C)N(C3=CC=C(OC)C=C3)C(C)=C2)NC1=N\C4=CC=CC=C4
0.168,0,M,COc1ccc(C=C2SC(=N)N(C2=O)c3ccccc3OC)cc1
0.17,0,M,COc1ccc(c(OC)c1)n2ccnc2SCC(=O)Nc3cc(C)ccc3C
0.1765,0,M,COc1ccc(cc1)c2nc3cc(Cc4ccc5[nH]c(nc5c4)c6ccc(OC)cc6)ccc3[nH]2
0.179,0,M,COc1ccc(cc1N2C(=O)C3C(C2=O)C4(C(=O)C3(C(=C4c5ccc(C)cc5)c6ccc(C)cc6)c7ccccc7)c8ccccc8)C(=O)C
0.18,0,M,COc1ccc(Br)cc1C2Nc3ccc4ccccc4c3C5=C2C(=O)CC(C5)c6ccccc6
0.184,1,Lit,O=C(NC1=CC=C(F)C=C1F)NC2=C(C3=CC=C(Br)C=C3)C(C(F)(F)F)=NN2C
0.194,0,M,CCc1ccc(Nc2cc(C)c3ccc(O)cc3n2)cc1
0.196,0,M,CCCN(CCC)CC(O)COc1ccccc1C(=O)Nc2ccccc2
0.205,0,M,CCOC(=O)c1c(NC(=O)c2ccccc2)sc3c(O)c(CN(CC)CC)ccc13
0.205,0,M,CCOC(=O)C1=CN(CC)c2cc(N(C)CCc3ccc(OC)c(OC)c3)c(F)cc2C1=O
0.206,0,M,CSc1ccccc1C(=O)Nc2nc(cs2)c3ccccn3
0.211,1,A,c1ncc2n(c1C(Nc1cccc(c1)Cl)=O)c(nn2)c1ccc(cc1)OC(F)F
0.212,0,M,n1(n2)c(nc(C)cc1Nc(cc3)ccc3Cl)nc2C(F)(F)F
0.2155,0,M,CCOC(=O)c1c(C)n(c2ccc(Cl)cc2)c3ccc(OC(=O)C=Cc4ccccc4)cc13
0.218,0,M,c1(cc(c2ccccc2)n3)n3ccnc1SCC(=O)Nc(c(Cl)ccc4C(F)(F)F)c4
0.232,0,M,CCOC(=O)c1cnc2c(C)cc(C)cc2c1Nc3ccc(OC)c(OC)c3
0.235,0,M,CN(C)CCCNc1c2ccccc2nc3ccccc13
0.237,0,M,CCCCCC(=O)N1C(C2=C(O)CC(CC2=Nc3ccccc13)c4ccc(OC)c(OC)c4)c5ccc(cc5)C(F)(F)F
0.242,0,M,n1(ncn2)c2nc(C)cc1Nc(ccc(cccc3)c34)c4
0.2425,0,M,CCCC1=C(CC)C(=N)c2ccccc2N1C
0.251,0,M,C1CN(CCO1)c2ccc(Nc3ccnc4cc5ccccc5cc34)cc2
0.251,1,C,FC(F)OC(C=C1)=CC=C1C2=NN=C3C=NC=C(OCCC4=CC=CC=C4)N32
0.255,0,M,CN(C)c1ccc(cc1)C(O)(c2ccc(cc2)N(C)C)c3ccc(cc3)N(C)C
0.259,0,M,CCC(c1ccccc1)c2nn3c(nnc3s2)c4cccs4
0.263,0,M,Cc1cc(C=C2SC(=Nc3ccccc3)N(C4CCCC4)C2=O)c(C)n1c5ccc(Cl)cc5
0.268,0,M,Cc1cc(C)c2CN(Cc3ccccc3Cl)COc2c1
0.274,0,M,CC1CCN(Cc2ccc(NC(=O)c3cc4ccc5cccnc5c4[nH]3)cc2)CC1
0.277,0,A,CC1=C(/C=C2S/C(NC\2=O)=N\C3=CC=CC=C3)C=C(C)N1C4=NC=CC=C4
0.28,1,A,c1(ccccc1)CCCc1cncc2n1c(nn2)c1ccc(cc1)OC(F)F
0.282,0,M,Cc1ccc(cc1)N2C(=O)C3C(C2=O)C4(C(=O)C3(C(=C4c5ccccc5)c6ccccc6)c7ccccc7)c8ccccc8
0.283,0,M,C1(O)(CC(=O)c(ccc(OC)c2)c2O1)C(F)(F)C(F)(F)F
0.293,0,M,OC(CNC1CCCCC1)Cn2c3ccccc3c4ccccc24
0.296,0,M,[n+]1(C)c2c(cccc2)nc(ccc(NCCO)c3)c13
0.3,0,M,Cc1cc(NCCN2CCCCC2)c3ccc4ccccc4c3n1
0.304,0,M,C(Cc1c[nH]c2ccccc12)Nc3c4ccccc4nc5ccccc35
0.3045,0,M,Cc1cccc(c1)N2C(=O)C3C(C2=O)C4(C(=O)C3(C(=C4c5ccc6OCOc6c5)c7ccc8OCOc8c7)c9ccccc9)c%10ccccc%10
0.309,1,A,c1c(c(c(cc1)C(F)(F)F)Cl)CNC(c1cncc2n1c(nn2)c1ccc(cc1)OC(F)F)=O
0.313,0,M,FC(F)(F)c1cccc(Nc2nc3ccccc3nc2Nc4cccc(c4)C(F)(F)F)c1
0.314,0,M,CCOC(=O)c1cnc2c(C)cccc2c1Nc3ccc(cc3)C(=O)C
0.314275,1,B,OC(C1=CC=CC=C1)COC2=CN=CC3=NN=C(C4=CC=C(OC(F)F)C=C4)N32
0.326,0,M,Oc1ccc(cc1)c2nc(c3ccc4oc5ccc(cc5c4c3)c6[nH]c(nc6c7ccccc7)c8ccc(O)cc8)c([nH]2)c9ccccc9
0.3265,0,M,COC(=O)c1ccc(cc1)C2N(C(=O)c3ccccc3)c4ccccc4N=C5CC(CC(=C25)O)c6ccc(F)cc6
0.3292,1,B,FC(C(Cl)=C1)=CC=C1NC(C2=CN=CC3=NN=C(C4=CC=C(OC(F)F)C=C4)N32)=O
0.345,0,M,Fc1ccc2[nH]c3c(NCCCN4CCOCC4)ncnc3c2c1
0.3475,1,B,O=C(NC1=CC=NC(C(F)(F)F)=C1)C2=CN=CC3=NN=C(C4=CC=C(OC(F)F)C=C4)N32
0.35,0,M,COc1cc(cc(OC)c1O)c2nc(c3ccc(Sc4ccccc4)cc3)c([nH]2)c5ccccc5
0.35,0,M,Cc1ccc(Nc2nc(cs2)c3ccccn3)cc1
0.35,0,M,c12c(CC(C(O)=O)NC1c3ccc(Cl)cc3Cl)c4c(cccc4)[nH]2
0.351,0,M,c1(cnc(c2c1O)ccc(CC)c2)C(OCC)=O
0.36,1,A,c1ncc2n(c1COCc1cc(c(cc1)F)F)c(nn2)c1ccc(cc1)OC(F)F
0.361,0,M,CCN1CCN(Cc2ccc(NC(=O)c3cc4ccc5cccnc5c4[nH]3)cc2)CC1
0.362,0,M,CC(C)(C)c1ccc2OCN(Cc3ccc(Cl)cc3)Cc2c1
0.37,0,M,CCOc1cc2CCNC(c3cc(OC)c(O)cc3Cl)c2cc1OCC
0.372,1,C,FC(F)OC(C=C1)=CC=C1C2=NN=C3C=NC=C(OCCC4(C56)C7C6C8C5C4C87)N32
0.373,0,M,C12=C(C=C(C(=O)NCc(cccn3)c3)C(=N)N1CCc(cc4)ccc4OC)C(=O)N(C=CC=C5C)C5=N2
0.376,0,M,C(CCCNc1c2CCCCc2nc3ccccc13)CCNc4c5CCCCc5nc6ccccc46
0.378,0,M,CCC1=C(C)C(=N)c2ccccc2N1C
0.381,0,M,CC1=C(CC(=O)c2cccc(c2)[N+](=O)[O-])C(=O)c3ccccc3C1=O
0.385,0,M,N1(C=CC(N)=NC1=O)C2O[C@@H]([C@@H](O)[C@H]2O)CO
0.387,0,M,CCCCCCc1cc2C=C(C(=O)Oc2cc1O)c3csc(C=Cc4ccccc4)n3
0.391,0,M,c1(c(ccn2)NCCN(CC)CC)c2cc(cccc3)c3c1
0.393,0,M,COc1cccc(c1)C(=O)NC(c2ccc(C)cc2)c3cc(Cl)c4cccnc4c3O
0.396,0,M,Cc1ccc(cc1)c2cc3nc4CCCCc4c(O)n3n2
0.4,0,M,Cc1cccc(Nc2nc(N)c3ccccc3n2)c1
0.406,0,M,c12c(ncnc1NCCN(CC)CC)c3c(ccc(Cl)c3)[nH]2
0.407,0,M,CCCOCc1cc(CN2CCN(CC2)c3cccc(Cl)c3)c(O)c4ncccc14
0.4145,0,M,Fc1cccc(c1)C2Sc3ccccc3N=C4C2C(=O)c5ccccc45
0.428,0,M,n1c(NCCO)c2c(cccc2)nc1Nc(ccc(C)c3C)c3
0.433,0,M,C(F)(F)(F)c(cc1)ccc1C(=O)NCC(N2CCCCCC2)c(ccs3)c3
0.4349,0,B,C(COc1cncc2n1c(nn2)c1cnc(cc1)C(F)(F)F)c1cc(c(cc1)F)F
0.439,0,M,CCOc1ccc2OCN(Cc3ccc(Cl)cc3)Cc2c1
0.448,0,M,COc1ccc(cc1)c2nc(NC(=O)CS(=O)(=O)c3ccc(F)cc3)sc2C
0.45,0,M,Brc1cccc(c1)C(=O)Nc2ccc(cc2)c3nc4cc5ccccc5cc4[nH]3
0.454,0,M,Cc1ccc(cc1)C2CC(n3nc(cc3N2)C(=O)N4CCN(CC4)C(c5ccccc5)c6ccccc6)C(F)(F)F
0.466,0,M,OC(CNC1CCCCC1)Cn2c3ccc(I)cc3c4cc(I)ccc24
0.467,0,M,n1c(Nc(cc2)ccc2OC)cc(C)nc1NCc3ccccc3
0.473,0,M,CC(C)CCNCC(O)Cn1c2ccccc2c3ccccc13
0.477,0,M,n1(nc(C)c2c3ccc(OC)c(OC)c3)c2ncc(C#N)c1N
0.4775,0,M,COc1ccccc1N2C(=N)SC(=Cc3ccc(OCc4ccccc4F)cc3)C2=O
0.48,0,M,CCOc1ccc2nc(C)cc(Nc3ccc(Br)cc3)c2c1
0.489,0,M,CCOC(=O)C1=C(C)N=C2SC(=Cc3cc(Cl)ccc3O)C(=O)N2C1c4ccc(OC)cc4
0.5115,1,M,CCOc1c(Br)cc(cc1OC)C2C(=CN(C)C=C2C(=O)OC)C(=O)OC
0.512,0,M,CCn1c(CN2CCN(Cc3ccccc3)CC2)nc4cc(NC(=O)c5cccs5)ccc14
0.513,0,M,COc1ccc(cc1)C(=O)NC(c2ccc(Cl)cc2Cl)c3cc(Cl)c4cccnc4c3O
0.515,0,A,FC1=CC=C(N2C(C)=CC(C(OCC(N)=O)=O)=C2C)C=C1
0.516,1,M,COc1ccc(cc1Cl)C(=O)Nc2nonc2c3ccc(OC)c(OC)c3
0.5185,1,M,CCOC(=O)C1=CN(C)C=C(C1c2cc(Br)c(OCC)c(OC)c2)C(=O)OCC
0.52,0,M,COc1ccc2C(=O)C=C(Oc2c1)C(Cl)(Cl)Cl
0.53,0,M,COc1cccc(O)c1CN2CCC3(CCCN(Cc4ccc(F)cc4)C3)C2
0.532,0,M,COc1ccc(Nc2nc(NN=Cc3ccc(O)cc3)nc(Nc4ccc(cc4)[N+](=O)[O-])n2)cc1
0.534,0,M,CCCCCCc1cc(O)c2C3=C(CCC(C)C3)C(=O)Oc2c1
0.535,0,M,Cc1ccc(c(O)c1)c2cc([nH]n2)C(=O)Nc3ccc(cc3)S(=O)(=O)N4CCCCC4
0.536,0,M,CC(=O)c1sc(NC(=O)Nc2ccc(C)cc2C)nc1C
0.538,0,M,CCCCc1ccc(NS(=O)(=O)c2cc3CCN4C(=O)CCc(c2)c34)cc1
0.539,1,M,Cc1ccc(F)cc1NC(=O)c2cc(Cl)ccc2Nc3ccccc3
0.545,0,M,CN1C(=O)N(C)c2cc(CNCCNc3ccnc4cc(Cl)ccc34)ccc12
0.548,0,M,Oc1ccccc1CN2CCC3(CCCN(Cc4ccccc4F)C3)C2
0.551,0,M,COc1ccc(C=C2SC(=NC2=O)Nc3ccccc3)cc1
0.551,0,M,CCCCCCc1cc2C=C(C(=Nc3ccccc3C)Oc2cc1O)c4nc5ccccc5[nH]4
0.552,0,M,CN1C=C(C(c2ccccc12)c3c[nH]c4ccccc34)c5ccc6ccccc6n5
0.555,0,M,ClCC(=O)NCCOc1ccc(Cl)cc1Cl
0.56,0,M,CCOc1ccc(C=CC2=NC(=O)c3ccccc3O2)cc1
0.563,0,M,Brc1ccc2OCC(=Cc2c1)C(=O)NCCCN3CCC(CC3)N4CCCCC4
0.567,0,M,OC1=C2C(Sc3ccccc3N=C2c4ccccc14)c5ccc(Br)cc5
0.5767,1,B,OC(C1=CC(F)=C(F)C=C1)COC2=CN=CC3=NN=C(C4=CC=C(C#N)C=C4)N32
0.584,0,M,CCCCOC(=O)c1ccc(Nc2cc(C)nc3ccc(OC)cc23)cc1
0.589,0,M,n1c(NCc2ccccc2)c3c(cccc3)nc1Nc(cc4)ccc4OC
0.59,0,M,OCCNc1nc(Nc2ccc(Cl)c(Cl)c2)nc3ccccc13
0.591,0,M,COc1ccc(C=C2SC(=NC2=O)Nc3ccc(F)cc3)c(OC)c1
0.603,0,M,CC(NCc1ccccc1)c2cc(Cl)ccc2O
0.611,0,M,Oc1ccccc1CN2CCN(CC2)C(c3ccccc3)c4ccccc4
0.6145,0,M,Cc1sc2ncnc(Sc3nc4ccccc4[nH]3)c2c1C
0.615,0,M,c1(C(OCC)=O)c(cc(cc2)OC(=O)c(cc3OC)cc(OC)c3OC)c2n(c4ccccc4)c1C
0.625,0,M,CCN(Cc1ccccc1)C2CCN(Cc3cc(Br)ccc3O)CC2
0.632,0,M,COc1ccc(CCNC(=O)c2cc(ccc2Sc3ccc(F)cc3)S(=O)(=O)N4CC(C)CC(C)C4)cc1OC
0.635,0,M,Cc1ccc(CSCc2oc(cc2)C(=O)NC3CC3)cc1
0.6405,0,M,CCC(O)c1ccc(Br)cc1NC(=O)c2cccc(Cl)c2
0.641,0,M,CCN(CC)S(=O)(=O)c1ccc(cc1)c2csc(Nc3ccc(C)c(C)c3)n2
0.642,0,M,CCC(C)NCC(O)(c1ccc(Cl)cc1)c2ccc(Cl)cc2
0.646,0,M,Oc1ccc2ccccc2c1CNc3nc4ccccc4[nH]3
0.646,0,M,O=C(NC1CCN(Cc2ccccc2)CC1)c3cc(cc(c3)C(=O)NC4CCN(Cc5ccccc5)CC4)C(=O)NC6CCN(Cc7ccccc7)CC6
0.648,0,M,CC1CCCCN1CCCNC(=O)c2ccc3c(c2)sc4nc(cn34)c5ccc(F)cc5
0.66,0,M,OC(CNC1CCCC1)Cn2c3ccccc3c4ccccc24
0.6615,0,M,c1ccc(cc1)C2=Nc3ccccc3N=C(c4ccccc4)c5ccccc25
0.662,0,M,Cc1cc(Nc2cccc(F)c2)nc(NCc3ccccc3)n1
0.663,0,M,COc1ccc(CNC2CCN(CC2)c3ccc(NC(=O)c4cccc(Cl)c4)cc3)cc1OC
0.669,0,M,CN1C(=O)c2cc(sc2c3ccccc13)C(=O)NCCCN4CCCCCC4
0.6765,0,M,OC(COc1ccccc1C(=O)CCc2ccccc2)CN3CCCCC3
0.683,0,M,CCOc1cc2CCNC(c3cc(C)c(O)c(C)c3)c2cc1OCC
0.683,0,M,n1(c2c(cccc2)n3)c3c(C#N)c(C)cc1N(CC4)CCN4C5CCCC5
0.684,0,M,Cc1cc(Nc2ccc(OCc3ccccc3)cc2)nc4cc(O)ccc14
0.685,0,M,FC(F)(F)c1cccc(CNC2CCN(CCc3ccccc3)CC2)c1
0.686,0,M,c1(cc(C)nc(ccc(OC)c2)c12)Nc3ccccc3O
0.693,0,M,Cc1onc(NC(=O)c2ccc(cc2)c3ccccc3)c1
0.693,0,M,C1(=NC(N(C)C2=O)=O)C2=NC(=NN1CC)c3ccc(C(=O)OC)cc3
0.6945,0,M,CCN1C2=C(CCC2)C(=N)C3=C1CCCC3
0.697,0,M,CC(C)OCc1cc(CN2CCN(CC2)c3cccc(Cl)c3)c(O)c4ncccc14
0.697,0,M,Cc1ccccc1OCCSc2nc3ccc(NC(=O)c4cccs4)cc3s2
0.697,0,M,Cc1cc(C)c2nc(sc2c1)N3CCC(CC3)C(=O)NCCCN4CCC(CC4)N5CCCCC5
0.7,0,M,c12c(ncnc1NCCCN(CC3)CCO3)c4c(ccc(Cl)c4)[nH]2
0.706,0,M,CCCCNc1nc(NC(C)(C)C)nc(NC(C)(C)C)n1
0.707,0,M,c12c(ncnc1NCCN(CC)CC)c3c(ccc(Br)c3)[nH]2
0.716,0,M,CCCCC1=C(CCC)C(=N)c2ccccc2N1C
0.7185,0,M,CCN(CC)CCN1C(=N)N(CC(O)c2ccc(Cl)c(Cl)c2)c3ccccc13
0.728,1,M,CCOc1cc(Cl)c(cc1OCC)C(C)NC(=O)c2cccc(OC)c2
0.735,0,M,COc1ccc(cc1)C2=CC(=O)Oc3c4CN(Cc5ccc(F)cc5)COc4ccc23
0.735,0,M,Clc1cc(NC(=O)c2oc(Br)cc2)ccc1N3CCCCC3
0.745,0,M,O=C(Nc1cccc(c1)C(=O)Nc2cccc(c2)c3nc4ccccc4[nH]3)c5occc5
0.746,0,M,CCOc1cc2CCNC(c3cc(Cl)ccc3O)c2cc1OCC
0.7555,0,M,CC1CC(C)CN(C1)C(=O)c2ccc(Cl)cc2Cl
0.769,0,M,CC1CCCCC1NCC(O)Cn2c(C)c(C)c3ccccc23
0.771,0,M,Cc1[nH]c(cc1C(=O)NC2CCN(Cc3ccccc3)CC2)c4ccc(F)cc4
0.7744,0.5,B,O=C(NC1=CC(Cl)=CC=C1C)C2=CN=CC(N23)=NN=C3C4=CC=C(OC(F)F)C=C4
0.776,0,M,C(Nc1nc(Nc2ccccc2)nc3ccccc13)c4ccccc4
0.782,0,M,COc1cc(cc(OC)c1OC)C(=O)ON=C(N)Cc2cccc3ccccc23
0.795,0,M,OCCCCN1C(=O)c2ccc3C(=O)N(CCCCO)C(=O)c4ccc(C1=O)c2c34
0.8005,0,M,Clc1cc(Br)ccc1c2oc(CNCC3CCNCC3)cc2
0.814,0,M,COc1ccccc1C(=O)ON=C(N)Cc2cccc3ccccc23
0.826,0,M,O=C(Nc1ccc(cc1)C23CC4CC(CC(C4)(C2)c5ccccc5)C3)c6cccs6
0.83,0,M,COc1ccc(cc1)C(=O)NC(c2ccccc2Cl)c3cc(Cl)c4cccnc4c3O
0.832,0,M,n1(CCc2ccccc2F)c3c(nc4c(cccc4)n3)c(C(=O)NCC(C)C)c1N
0.8355,0,M,Cc1nc2ccccc2c(O)c1CC=C(Cl)Cl
0.838,0,M,Clc1ccc(cc1Cl)C(=O)Nc2ccc(cc2)c3nc4ccccc4[nH]3
0.842,0,M,Nc1ccc(cc1)c2nc3cc(Oc4ccc(Oc5ccc6[nH]c(nc6c5)c7ccc(N)cc7)cc4)ccc3[nH]2
0.843,0,M,CCCCNCC(O)(c1ccc(Cl)cc1)c2ccc(Cl)cc2
0.845,0,M,COc1ccc(cc1)C2Sc3ccccc3N=C4C2=C(O)c5ccccc45
0.846,0,M,Clc1ccc2OC(=O)C=C(NC3CCN(CCCc4ccccc4)CC3)c2c1
0.854,0,M,n1c(NCCO)c2c(cccc2)nc1Nc3cccc(OC)c3
0.871,0,M,CC(=O)Nc1nnc(SCc2c(C)cc(cc2C)C(C)(C)C)s1
0.8755,0,M,CN(C)CCCNCc1oc(cc1)c2ccc(F)c(Cl)c2
0.89,0,M,C12=C(c3c(cccc3)C1=O)Nc4c(cccc4)SC2c5ccccc5
0.8905,0,M,Clc1ccc(cc1)S(=O)(=O)N2CCC(CC2)C(=O)NCc3occc3
0.893,0,M,OC(CN1C(=N)N(CCN2CCCCC2)c3ccccc13)c4cccc(Br)c4
0.898,0,M,c1(sc(cc2c(c3CC2)c4ccc3)c4n1)NC(=O)c(cc5OC)cc(OC)c5OC
0.9018,0.5,B,O=C(NC1=C(F)C(Cl)=CC=C1)C2=CN=CC(N23)=NN=C3C4=CC=C(OC(F)F)C=C4
0.906,0,M,CC1=CC(=O)Oc2c1ccc3oc(C(=O)c4ccc(C)cc4)c(C)c23
0.912,0,M,COc1ccc(OC)c(c1)C2C3=C(CC(C)(C)CC3=O)N(C4=C2C(=O)CC(C)(C)C4)c5ccc(Cl)c(Cl)c5
0.916,0,M,c([nH]nc1c2c(O)cc(C)c(Cl)c2)(C3=O)c1C(c4ccccc4F)N3CCc(cc5)ccc5OC
0.927,0,M,COc1cc2cc(C(=O)Nc3ccccc3)c(N)nc2cc1OC
0.928,1,M,C12(Nc(cccc3)c3c4n1c5c(cccc5)n4)C(=O)Nc(ccc(OC)c6)c26
0.928,1,C,FC(F)OC(C=C1)=CC=C1C2=NN=C3C=NC=C(OCCC4=CC=C(OC)C=C4)N32
0.929,0,M,c1(c(cnn1c2cccc(C)c2)C(=O)N3)N=C3n4nc(C)cc4NC(=O)c5cc(cccc6)c6o5
0.93,0.5,Lit,O=C1C2=CC=CC=C2[C@@H](C(NC3=CC(C#N)=C(F)C=C3)=O)[C@H](C4=CN=CC=C4)N1CC(F)(F)F
0.9345,0,M,COc1ccc(cc1CN2CCN(CC2)c3ccc(F)cc3)C4NCCc5c4[nH]c6ccccc56
0.939,0,M,Brc1ccc(cc1)S(=O)(=O)N2CCC(CC2)C(=O)NCc3occc3
0.939,0,M,N1C(c2cccc(cccc3)c23)C(CC=C4)C4c5c1c(Cl)ccc5C(OC)=O
0.941,0,M,CCOc1ccc(cc1)C2N(C)c3ccccc3N2C
0.944,0,M,Clc1ccc2c(ccnc2c1)N3CCCC3
0.9465,0,M,CC(C)(C)c1ccc(cc1)C2CC(=C3C(N(C(=O)c4ccccc4Cl)c5ccccc5N=C3C2)c6ccc(F)cc6)O
0.947,0,M,Cc1ccc(Cn2c(nc3ccccc23)N4CCC(CC4)C(=O)NCc5cccs5)cc1
0.959,0,M,n12c(nc(c3ccc(Cl)s3)cc1C(F)(F)F)cc(C(=O)NC(CC4)CCN4Cc5ccccc5)n2
0.959,0,M,n1(nc(C)cc1NC(=O)c(cccc2C(F)(F)F)c2)c3scc(c(ccc(OCO4)c45)c5)n3
0.969,0,M,COc1ccc2nc(C)cc(Nc3cccc(O)c3)c2c1
0.994,0,M,CN1C(N(C)c2ccccc12)c3ccc4OCOc4c3
0.995,0,M,Clc1ccc(C=CC2=NC(=O)c3ccccc3O2)cc1
1,0,M,n1c(N)c2c(cccc2)nc1Nc3cccc(F)c3
1,0,M,CCN1C(=Nc2ccccc2C1=O)SCC(=O)Nc3cc(ccc3Cl)C(F)(F)F
1.005,0,M,CC1CC2=C(CC1CNCCCN(C)C)C(C)(C)CCC2
1.01,0,M,n(CC(CNCCOC)O)(c1c2cc(Cl)cc1)c3c2cc(Cl)cc3
1.01,0,M,Clc1ccc2nc(cc(C(=O)NC3CCN(Cc4ccccc4)CC3)c2c1)c5cccnc5
1.01,0,M,n12c(cc(C(C)(C)C)n1)nc(CCN3Cc4ccccc4OCC)c(C3)c2O
1.01,0,M,O=C(Nc1cccc(c1)C2=NCCN2)Nc3cccc(c3)C4=NCCN4
1.01,0,M,Oc1c(ccc2cccnc12)C(Nc3ccccn3)c4cccc(Oc5ccccc5)c4
1.015,0,M,Cc1ccnc(NC(c2cccc(OCc3ccccc3)c2)c4ccc5cccnc5c4O)c1
1.02,0,M,Clc1ccc2nc(cc(C(=O)NC3CCN(Cc4ccccc4)CC3)c2c1)c5ccncc5
1.02,0,M,c1(C(c(cccn2)c2)N3CCC(CC3)Cc4ccccc4)c(C)c(C)sc1NC(=O)c5ccco5
1.03,0,M,c1(cc(Br)ccc1O)CN(CC2)CCN2Cc3cccc(F)c3
1.03,0,M,CC(Oc1ccc(NC(=O)c2cccs2)cc1)C(=O)c3ccc(Cl)cc3
1.04,0,M,C1(=NC(C)(Cc(cc(OC)c(OC)c2)c23)C)C3=NNC1=O
1.05,0,M,c1(OCC)c(OC)cc(cc1Cl)CN([H])CC(O)c2ccccc2
1.06,0,M,CCOc1ccc(Nc2c3ccccc3nc4ccccc24)cc1
1.06,0,M,c12c(nc(c3ccc(OC)cc3)nc1N4CCN(C(=O)C5CCCCC5)CC4)sc(CCCC6)c26
1.06,0,M,n(CC(CNCC1CCCO1)O)(c2c3cc(Cl)cc2)c4c3cc(Cl)cc4
1.06,0,M,COc1ccc(CNC(=O)C2=CC3=C(N=C4C=CC=CN4C3=O)N(CCc5ccccc5)C2=N)cc1
1.06,0,M,COc1ccc(cc1)C(=O)C2CC2c3ccc(Cl)cc3
1.061,0,M,Brc1ccc(Nc2nc3ccccc3nc2Nc4ccc(Br)cc4)cc1
1.07,0,M,n1c(cc(C)nc1Nc(cc2)ccc2NC(CCc3ccccc3)=O)N4CCCC4
1.07,0,M,c1ccc(cc1)c2ccc(cc2)c3nc4ccccc4[nH]3
1.07,0,M,Brc1ccc(cc1)c2cc3C(=O)c4ccccc4c3nn2
1.07,0,M,O=C(NC1CCCCC1)C(N(CCc2ccccc2)C(=O)c3occc3)c4cccs4
1.075,0,M,O=C(Nc1ccc(cc1)N2CCN(Cc3ccccc3)CC2)c4cccs4
1.08,0,M,OC(CNCc1ccccc1)Cn2c3ccccc3c4ccccc24
1.08,0,M,COc1ccc(CN2CCN(Cc3ccccc3)CC2)c(O)c1
1.0895,0,M,COc1cc(OC)cc(c1)C(=O)Nc2ccc(cc2)c3nc4ccccc4[nH]3
1.09,1,M,COc1cccc(NC(=O)Cn2c(C)c(C#N)c3ccccc23)c1
1.1,0,M,c1(Nc(cc2)ccc2N(CC3)CCN3C)c4c(ccc(OC)c4)ncc1C(OCC)=O
1.109,0,M,CCCN1C(=N)C(=CC2=C1N=C3N(C=CC=C3C)C2=O)C(=O)NC4CCCCC4
1.11,0,M,COc1ccc(cc1)N2CCN(CC2)C(CNC(=O)C3CCCCC3)c4ccc5OCOc5c4
1.12,0,M,Cc1ccccc1OCCSc2nc3ccc(NC(=O)c4ccccc4)cc3s2
1.132,0,M,CC1CCN(Cc2c(O)ccc3C=C(C(=O)Oc23)c4nc5ccccc5s4)CC1
1.135,0,M,CCCCCCN1C(=N)N(CC(O)COc2cccc(C)c2)c3ccccc13
1.14,0,M,COc1nc(Nc2ccc(cc2)C(C)C)nc(OC)n1
1.14,0,M,Oc1ccc2ccccc2c1C(NC(=O)Cc3ccccc3)c4ccc(Cl)cc4
1.14,0,M,Clc1ccc(cc1)C2(CN3CCC(CC3)NC(=O)CCc4occc4)CCC2
1.15,0,M,n1c(N(C)C)cc(C)nc1Nc(cc2)ccc2NC(=O)Nc3ccccc3
1.15,1,M,n1(c2c(cccc2)n3)c3c4c(cccc4)NC1(C)c5cccc(OC)c5
1.16,0,M,c1(C#N)nc(Cc2cccc(cccc3)c23)oc1N(CC4)CCN4C(c5ccccc5)c6ccccc6
1.16,0,M,c1(Cl)c(ccc(Cl)c1)OCC(O)CNC(C)(C)CC(C)(C)C
1.16,0,M,Clc1ccc(NC(=O)Nc2ccc(Cl)c(Cl)c2)cc1Cl
1.16,0,M,CC(=CCN1CCC(CC1)C(=O)Nc2ccc(cc2)c3nc4ccccc4[nH]3)C
1.17,0,M,Cc1ccc2nc(C)cc(Nc3cccc(c3)C(F)(F)F)c2c1
1.17,0,M,Oc1c(ccc2cccnc12)C(NC(=O)c3ccccc3)c4ccccc4
1.175,0,M,CCOC(=O)C1CCN(CC1)C(=O)CN2C(c3ccccc3C2=O)c4c[nH]c5ccccc45
1.18,1,M,COc1ccc(cc1)C2C(C(=O)Nc3cccc(OC)c3)c4ccccc4C(=O)N2C5CCCCC5
1.18,0,M,COc1cc(cc(OC)c1O)c2nc(c3ccccc3)c([nH]2)c4ccccc4
1.18,0,M,c1(C(c2cccs2)N(CCN3c4ccccc4)CC3)c(C)c(C)sc1NC(c5ccccc5)=O
1.19,0,M,CCOC(=O)c1cnc2ccc(Cl)cc2c1NCCCN(C)C
1.19,0,M,c12c(ncnc1N(CC3)CCN3C)c4c(ccc(Cl)c4)[nH]2
1.19,0,M,CCCc1c(C)nc2ccc(Br)cc2c1O
1.19,0,M,COCCN(C(C(=O)NCc1ccc(OC)cc1)c2ccc(cc2)C(C)C)C(=O)Cc3cccs3
1.19,0,M,C1(N(C)N=O)=C(NC2CCCCC2)C(=O)c(cccc3)c3C1=O
1.2,0,M,CCOc1ccc(CN2CCN(CC(O)COc3ccc(OCC(O)CN4CCN(Cc5ccc(OCC)cc5)CC4)cc3)CC2)cc1
1.22,0,M,COc1cc(cc(OC)c1OC)C(=O)Nc2ccc(cc2)c3nc4ccccc4[nH]3
1.23,0,M,C12=C(N=CN(CCCN(C)C)C1=N)Oc3c(ccc(cccc4)c34)C2c5ccc(OC)cc5
1.24,1,M,COc1ccc2C3CC(=Nc4ccccc4N3C(=O)c2c1OC)c5ccc(C)cc5
1.24,0,M,c1(OCC)c(OCC)cc(cc1Cl)CN([H])C(C)C(O)c2ccccc2
1.24,0,M,N1(CC(=O)c(ccc(Cl)c2Cl)c2)c3c(cccc3)N(CCN4CCCCC4)C1=N
1.26,0,M,CC(C)c1ccc(CNCC(O)c2ccccc2)cc1
1.26,1,M,OC(Cn1nnc2ccccc12)Cn3c4ccc(Br)cc4c5cc(Br)ccc35
1.27,0,M,COc1cc2CCN(C)C3Cc4ccc(Oc5cc(CC6N(C)CCc7cc(OC)c(OC)c(Oc1cc23)c67)ccc5O)cc4
1.29,0,M,Cc1nc2ccccc2c(O)c1CC=C
1.3,0,M,COc1cccc(c1)c2nn(C)c3sc(cc23)C(=O)NCCN4CCN(CC4)c5ccccc5F
1.31,0,M,Cc1ccc2cc3c(N)c4c(C)ccc(C)c4nc3nc2c1
1.32,1,M,CCOc1ccccc1CNC(=O)C2C(N(CC(C)C)C(=O)c3ccccc23)c4cccs4
1.33,0,M,CCOc1cc(cc(Cl)c1O)C2NCCc3cc(OCC)c(OCC)cc23
1.33,0,M,Cc1ccc(C)c(Cn2c(nc3ccccc23)N4CCC(CC4)C(=O)NCc5cccs5)c1
1.33,0,M,Cc1ccc(Cl)cc1N2CCN(CCCNC(=O)C3CCN(CC3)c4nc5ccccc5[nH]4)CC2
1.33,0,M,c(n1)(nc(NNC(=O)c(cc2)ccc2)cc1N(CCC3)C3)N(C4)CCC4
1.36,0,M,Brc1ccc(cc1)c2oc(cc2)C(=O)Nc3ccc(CN4CCOCC4)cc3
1.36,0,M,Brc1ccccc1C(=O)Nc2nc(cs2)c3ccccn3
1.37,1,M,CCOc1cc(Cl)c(cc1OCC)C(C)NC(=O)c2ccccc2
1.38,0,M,CCCCC(O)(C(CN1CCOCC1)c2ccc(Cl)cc2)c3ccc(Cl)cc3
1.39,0,M,c12c(C(=O)N(C)C(=O)N1C)n(Cc3cccc(OC)c3)c(Oc4ccccc4)n2
1.42,0,M,Nc1ccc(cc1)c2nc3cc(Cc4ccc5[nH]c(nc5c4)c6ccc(N)cc6)ccc3[nH]2
1.43,0,M,CCCN(CCC)CCCNC(=O)c1cc2c(nn(C)c2s1)c3ccc(OC)c(OC)c3
1.43,0,M,c1(N(CC2)CCN2C)c3c(nc(Nc(ccc4O)cc4)n1)cccc3
1.43,0,M,COc1cc(OC)cc(c1)N2C(=O)N(Cc3ccc(cc3)C(C)(C)C)c4ccccc4S2(=O)=O
1.43,1,M,CCOc1cc(Br)c(cc1OCC)C(C)NC(=O)c2cccc(OC)c2
1.43,0,M,COc1ccc(CCN2CCC(CN(C)Cc3cnn(c3)c4ccccc4)CC2)cc1
1.51,0,M,CCOC(=O)C1=C(C)N=C2SC(=Cc3ccccc3O)C(=O)N2C1c4ccc(OC)c5ccccc45
1.705,0,M,CCOc1ccc(cc1)n2cc(c3ccccc3)c4c(SCc5cc(C)ccc5C)ncnc24
1.72,0,M,O=C(NCC1Cc2cccc(c2O1)c3ccncc3)c4csc5CCCCc45
1.73,1,M,n1(c2c(cccc2)n3)c3c4c(cccc4)NC1(C)c5ccccc5
1.75,0,M,CC(CCC(=C)C)N1CCC(CC1)N2CCC(CC2)C(=O)NCCc3ccccc3
1.79,1,M,CC(C)c1ccc(Cn2c(CCNC(=O)C)nc3ccccc23)cc1
1.79,0,M,COc1cc(CNCCc2ccc(Cl)cc2)cc(OC)c1O
1.79,0,M,C12=C(N=CN(CCCn(ccn3)c3)C1=N)Oc4c(ccc(cccc5)c45)C2c6ccc(OC)c(OC)c6
1.86,0,M,CCN1CCN(CC1)c2cc(C)c3cc(NC(=O)c4ccc(OC)c(OC)c4)ccc3n2
1.945,0,M,Clc1ccc(Cl)c(c1)c2oc(cc2)C(=O)Nc3ccc(CN4CCOCC4)cc3
1.995,1,C,FC(F)OC(C=C1)=CC=C1C2=NN=C3C=NC=C(OCCCC45C6C7C4C8C5C6C87)N32
2,0,M,COc1ccc2nc(C)cc(Nc3ccc(Cl)cc3)c2c1
2.06,0,M,Fc1ccc(NC(=O)Nc2ccc(Cl)c(Cl)c2)cc1Cl
2.239,0.5,C,FC(F)OC(C=C1)=CC=C1C2=NN=C3C=NC=C(OCC4=CC=CC=C4)N32
4,0,M,CN(C)CCNc1cc(nc2ccccc12)c3ccccc3
4,0,M,CCCCc1c(C)nc2c(OC)cccc2c1O
4,0,M,CCOc1ccc2nc(C)cc(Nc3ccc(cc3)N(C)C)c2c1
4,0,M,Cc1ccc2c(C)nc(Nc3nc(C)cc(n3)c4ccccc4)nc2c1
4,0,M,CCOc1ccc(Nc2ccnc3cc(Cl)ccc23)cc1
4,0,M,CCc1ccc(Nc2cc(C)nc3nc(C)nn23)cc1
4,0,M,CN1CCN(CC1)c2c3CCCc3c(C#N)c4nc5ccccc5n24
4,0,M,Cc1ccc(Nc2nc(N)c3ccccc3n2)cc1Cl
4,0,M,COc1cccc(Nc2nc(N)c3ccccc3n2)c1
4,0,M,COc1cc(SC)ccc1C(=O)N2CCCC(C)C2
4.2154,0.5,B,OC(C1=CC=CC=C1)COC2=CN=CC3=NN=C(C4=CN=C(C(F)(F)F)C=C4)N32
4.5956,0,B,O=C(NC1=C(C)C(Cl)=CC=C1)C2=CN=CC(N23)=NN=C3C4=CC=C(OC(F)F)C=C4
4.801,0,C,FC(F)OC(C=C1)=CC=C1C2=NN=C3C=NC=C(OC(C)C4=CC=C(C#N)C=C4)N32
8.1938,0,"A,B",O=C(NC1=CC=C(Cl)C=C1)C2=CN=CC3=NN=C(C4=CC=C(OC(F)F)C=C4)N32
8.586,1,C,FC(F)OC(C=C1)=CC=C1C2=NN=C3C=NC=C(OC(C)C4=CC=C(F)C(F)=C4)N32
10,0,A,O=C(N1CC(C=CC=C2)=C2C1)C3=CN=CC4=NN=C(C5=CC=C(OC(F)F)C=C5)N43
10,1,B,FC1=C(F)C=CC(C(N(C)C)COC2=CN=CC3=NN=C(C4=CC=C(C#N)C=C4)N32)=C1
10,0,A,c1ncc2n(c1OCC(F)(F)F)c(nn2)c1ccc(cc1)OC(F)F
10,0,A,c1(ncc2n(c1)c(nn2)c1ccc(cc1)OC(F)F)NCCc1ccc(cc1)F
10,0,A,c1(ncc2n(c1)c(nn2)c1ccc(cc1)OC(F)F)NC(Cc1cccc(c1)Cl)=O
10,0,C,FC(F)OC(C=C1)=CC=C1C2=NN=C3C=NC=C(SCCC4=CC=CC=C4)N32
10,0,C,FC(F)OC(C=C1)=CC=C1C2=NN=C3C=NC=C(S(CCC4=CC=CC=C4)=O)N32
10,0,C,FC(F)OC(C=C1)=CC=C1C2=NN=C3C=NC=C(OCC4=CN(CC5=CC=CC=C5)N=N4)N32
10,0,C,FC(F)OC(C=C1)=CC=C1C2=NN=C3C=NC=C(OCC(N=N4)=CN4C5=CC=CC=C5)N32
10,0,C,FC(F)OC(C=C1)=CC=C1C2=NN=C3C=NC=C(OCC4=CN(C5=NC(Cl)=CN=C5)N=N4)N32
10,0,C,IC12C(C3C1C4C52)C5C34C6=NN=C7C=NC=C(OCCC8=CC(F)=C(F)C=C8)N76
10,0,C,OC1=CN=CC2=NN=C(N3CCCCC3)N21
10,0,C,FC(C=C1)=C(F)C=C1CCOC2=CN=CC3=NN=CN32
10,0,C,IC12C3C4C5(C3C1C5C24)C6=NN=C7C=NC=C(C(NC8=CC(C(F)(F)F)=NC=C8)=O)N76
50,0,A,CC(N1C2=CC=C(F)C=C2)=C(C(O)=O)C=C1C
?,1,Lit,C[C@@H](C1)N[C@@]2(C(NC3=C2C=C(Cl)C=C3)=O)C4=C1C5=CC(F)=C(F)C=C5N4
ND,0,M,CCCCCN1C(=N)N(CC(O)COc2cccc(C)c2)c3ccccc13
ND,0,M,CCN(CC)c1cc(C)c2cc(NC(=O)c3cccc(OC)c3)ccc2n1
ND,0,M,COc1ccc(cc1)C(O)(CCC(C)C)C(CN2CCOCC2)c3ccc(Cl)cc3
ND,0,M,CC(O)(C(CN1CCCCC1)c2ccccc2)c3ccc(Cl)cc3
ND,0,M,CCCCCCC(O)(C(CN1CCOCC1)c2ccccc2)c3ccc(F)cc3
ND,1,M,COc1ccccc1CNC(=O)C2C(N(CC(C)C)C(=O)c3ccccc23)c4cccs4
ND,0,M,Oc1c(CN2CCN(CC2)c3ccccc3F)cc(Br)c4cccnc14
ND,0,M,Cc1ccc(NC(=O)Nc2cccc(Cl)c2)cc1F
ND,0,M,OC1(CC(=O)c2ccccc2O1)C(F)(F)C(F)(F)F
ND,0,M,CCOc1cccc2sc(nc12)N(Cc3cccnc3)C(=O)C4CCCCC4
ND,0,M,Clc1cccc(NC(=O)Nc2ccc(Br)cc2)c1
ND,0,M,CC1=CC(=O)Oc2c1ccc3oc(C(=O)c4ccccc4)c(C)c23
ND,0,M,Clc1ccc(cc1)C(=O)Nc2ccc(cc2)c3nc4cc(NC(=O)c5ccc(Cl)cc5)ccc4[nH]3
ND,0,M,COc1ccc(cc1)C(=O)C(CCC(CNC(C)(C)C)C(=O)c2ccc(OC)cc2)CNC(C)(C)C
ND,0,M,Cc1ccc(C)c(c1)c2csc(Nc3ccc(C)c(C)c3)n2
ND,0,M,CCOc1ccccc1NC(=O)CN2CCN(CC2)C(=O)c3occc3
ND,0,M,CCCCN(CCCC)S(=O)(=O)c1ccc(NC(=O)c2occc2)cc1
ND,0,M,CCCCOc1ccc(cc1)C(=O)Nc2cc(C)on2
ND,0,M,CCOc1ccc(CCNC(=O)c2cccs2)cc1OCC
ND,0,M,Cc1c(C)n(Cc2ccc(F)cc2)c3ccc(cc13)C(=O)NCc4occc4
ND,0,M,Oc1c2CCCCc2nc3cc(nn13)c4ccccc4
ND,0,M,CCN1CCN(CC1)c2c(cnc3cc(OC)c(OC)cc23)C(=O)c4ccccc4
ND,0,M,CCN(CC)c1ccc(NC(=O)c2cccs2)cc1
ND,0,M,CCOc1cccc(c1)C(=O)Nc2ccc(cc2)c3nc4ccccc4[nH]3
ND,0,M,COc1ccc(cc1OC)C(=O)Nc2ccc3nc(cc(C)c3c2)N4CCCCC4
ND,0,M,COc1cccc(c1)C(=O)Nc2ccc(cc2)c3nc4ccccc4[nH]3
ND,0,M,COc1ccc(cc1)c2cn3c(C(=O)Nc4ccccc4Cl)c(c5CCCCn2c35)c6ccccc6
ND,1,M,COc1ccc(cc1OC)c2nonc2NC(=O)c3cccc(Cl)c3
ND,0,M,Cc1ccc(cc1NCc2cc(Cc3ccccc3)ccc2O)c4oc5ccccc5n4
ND,0,M,CCC(=O)Nc1nnc(Cc2ccc(OC)c(OC)c2)s1
ND,0,M,CN(C)c1ccc(cc1)N=Cc2ccc(cc2)N3CCOCC3
ND,0,M,CC(C)(C)c1ccc(cc1)C(=O)Nc2nc3ccccc3s2
ND,0,M,CCOC(=O)c1cnc2c(CC)cccc2c1O
ND,0,M,CCN(CC)CCCNc1ccnc2cc3ccccc3cc12
ND,0,M,FC(F)(F)c1cccc(Nc2nc(nc3ncccc23)c4ccccc4)c1
ND,0,M,COc1ccc(cc1)C(=O)Nc2ccc(Cl)cc2C(=O)Nc3ccncc3
ND,0,M,Oc1ccc(Cl)cc1C(=O)Nc2cccc(c2)C(F)(F)F
ND,0,M,Oc1ccc(Br)cc1CN2CCN(Cc3ccc(Cl)cc3)CC2
ND,0,M,CCc1ccc(CNCC(O)c2ccccc2)cc1
ND,0,M,CC(C)(C)CC(C)(C)NCC(O)COc1ccc2CCCc2c1
ND,0,M,Cn1c(nc2ccccc12)C(=O)c3cccc4ccccc34
ND,0,M,Oc1c2CCCCc2nc3ccccc13
ND,0,M,Oc1ccc(Cl)cc1CNc2nc3ccccc3[nH]2
ND,0,M,CCOc1c(Cl)cc(CNC(C)C(O)c2ccccc2)cc1OC
ND,0,M,CC(C)(C)C(=O)Nc1ccc(cc1)C(=O)Nc2cccc(c2)c3nc4ccccc4[nH]3
ND,0,M,Oc1ccccc1NC(=O)c2ccc(Oc3cccc(c3)C(=O)Nc4ccccc4O)cc2
ND,1,M,COc1ccc(cc1OC)c2nonc2NC(=O)c3cccc(C)c3
ND,0,M,COc1ccc2nc(N)nc(C)c2c1
ND,0,M,Fc1ccccc1C(=O)N(Cc2ccc(Cl)cc2)c3ccccn3
ND,0,M,COCCN1C(=Nc2ccccc2C1=O)C
ND,0,M,COc1ccc(cc1)N2CCN(CC2)C(CNC(=O)CC(C)(C)C)c3ccc4OCOc4c3
ND,0,M,CCOc1ccc(cc1)c2nc(NC(=O)c3cccc(c3)S(=O)(=O)C)sc2C
ND,0,M,COc1ccccc1N2CCN(CC2)C(CNS(=O)(=O)c3ccc(Cl)cc3)c4cccnc4
ND,0,M,Clc1ccc(NC(=O)N2CCN(CC2)c3ccc4nncn4n3)cc1
ND,1,M,Fc1cccc(c1)c2nnc3ccc(SCC(=O)Nc4ccc5OCOc5c4)nn23
ND,0,M,FC(F)(F)c1cccc(c1)N2N=Nc3ccccc3C2=N
ND,0,M,FC(F)(F)c1ccc(Nc2nnnc3ccccc23)cc1
ND,0,M,Cc1ccc(cc1)S(=O)(=O)c2c(COC(=O)c3cccc(C)c3)c(nn2C)c4ccccc4
ND,0,M,Fc1ccc(cc1)C(=O)Nc2ccsc2C(=O)NC3CCCCC3
ND,0,M,Oc1ccccc1NC(=O)c2oc(cc2)c3ccc(Cl)cc3Cl
ND,1,M,Oc1ccc(cc1)C(=C(Cl)Cl)c2ccc(O)cc2
ND,0,M,CCN(CC)CCCNc1nc(nc2ccccc12)c3ccc(Cl)cc3
ND,0,M,OC1CCCCC1C2(CCCCC2)NC(=S)Nc3ccccc3
ND,0,M,Cc1ccc(OCCCCCCNCCO)c(C)c1
ND,0,M,COc1ccc(cc1)c2cc3C(=O)c4ccccc4c3nn2
ND,0,M,Clc1ccc(C(=O)Nc2ccc(Cl)cc2C(=O)Nc3ccncc3)c(Cl)c1
ND,0,M,COc1ccc(CN2CCCC(C2)C(=O)c3ccc(cc3)C(F)(F)F)c(O)c1
ND,0,M,FC(F)(F)c1cccc(CNC2CCN(CC2)c3ccc(cc3)C(=O)NC4CCCC4)c1
ND,0,M,Cc1oc(CN2CCC(CC2)C(=O)Nc3ccc(cc3)c4cc5ccccc5[nH]4)cc1
ND,0,M,COCCNC(=O)c1ccc(OC2CCN(Cc3ccc(F)c(F)c3)CC2)c(Cl)c1
ND,0,M,COc1ccc(cc1)C2N(C)c3ccccc3N2C
ND,0,M,CCCc1c(C)nc2ccccc2c1O
ND,0,M,CCCC(N1CCN(CC1)C(=O)c2occc2)c3nnnn3C4CCCCC4
ND,0,M,CN(C)c1ccc(cc1)c2nc3cc(N)ccc3[nH]2
ND,0,M,CCOC(=O)C1(Cc2ccccc2)CCN(Cc3cccc(OC)c3O)CC1
ND,0,M,CC(C)(C)c1ccc(cc1)C(=O)Nc2c3CSCc3nn2c4cccc(Cl)c4
ND,1,M,CC(=O)c1ccc(NC(=O)CSc2nc(ns2)c3ccccc3Cl)cc1
ND,0,M,Brc1ccc(C=CC2=NC(=O)c3ccccc3O2)cc1
ND,0,M,CCOc1ccc(cc1)N2C(=NC(=NC2(C)C)N)N
ND,0,M,CN(C)c1ccc(cc1)N2C(=NC(=NC2(C)C)N)N
0.2,0,P,CCC(NC(=O)c1ccccc1NC(=O)c2ccc(C)cc2)C(=O)OC
0.9,0,P,CC(C)(C)c1cc(cc(c1)C(=O)Nc2cccnc2)C(=O)Nc3cccnc3
2,0,P,C1CCN(CC1)c2cc(nc3ccccc23)c4ccccn4
0.9,0,P,O=C(Nc1cccc(c1)c2ccc(NCCCN3CCCC3)nc2)c4ccccc4
0.8,0,P,CN1CCC(CC1)NCc2cccc(c2)c3ccc(cc3)S(=O)(=O)NCc4ccccc4
0.1,0,P,COc1cncc(c1)c2cncc(n2)N3CCN(CC3)c4ccncc4
0.6,0,P,NCC(=O)N1CCn2c(C1)nc(c2Nc3ccc4OCOc4c3)c5ccccc5
0.9,0,P,CNC(=O)C1Cc2c([nH]c3cc(Cl)ccc23)C4(CCN(CCc5ccccc5)CC4)N1
1.1,1,P,CCCS(=O)(=O)N1CCC(CO)(Cc2ccccc2C(F)(F)F)CC1
1.4,0,P,C(Nc1nn2c(cnc2s1)c3cccs3)C4CCOCC4
0.5,0,P,FC(F)(F)c1cccc(c1)c2nc3c(NCc4ccncc4)nccc3[nH]2
0.1,0,P,COc1cc(ccc1O)c2cc(cnc2N)c3ccc(cc3)S(=O)(=O)C
0.1,0,P,NC(=O)c1ccc(cc1)c2nc(cnc2N)c3ccc(cc3)C#N
0.03,0,P,OCc1ccc(cc1)c2cncc(Nc3cccc(Cl)c3)c2
1.1,0,P,CN1CCN(CC1)c2nccc3nc([nH]c23)c4ccc(F)c(F)c4
1.5,0,P,CN1CCN(CC1)c2nccc3[nH]c(cc23)c4cccc(F)c4
1.3,0,P,COc1cccc(c1)c2cc3c(Nc4cccnc4)nccc3[nH]2
1.6,0,P,Clc1cccc(c1)C(c2ccc(CN3CCNCC3)cc2)n4ccnc4
0.6,0,P,NS(=O)(=O)c1cncc(c1)c2ccc3nccc(c4cn[nH]c4)c3n2
2.1,0,P,CCCNC(=O)N1CCC2(CC1)CC(=O)c3cc(C)ccc3O2
0.6,0,P,CC(C)(C)c1cc(C(=O)N2CCN(CC2)c3nccnc3C#N)n(Cc4ccccc4)n1
0.8,0,P,CC(C)(C)CN1C(=NC(C1=O)(c2ccccc2)c3ccccc3)N
0.2,0,P,Nc1nccc2ccc(Oc3ccncc3)cc12
2,0,P,C[C@@H](N1CCCC[C@H]1c2ccc(OCc3cccc(F)c3)cc2)C(=O)N
ND,0,P,C[C@@H](N1CCCC[C@@H]1c2ccc(OCc3cccc(F)c3)cc2)C(=O)N
1.6,0,P,CN(C)CCNC(=O)N1CCCN(CC1)c2ncnc3cc(sc23)c4ccccc4
1.1,0,P,OCCc1ccc(Nc2nccc(n2)c3nnc4ccccn34)cc1
0.6,0,P,Cc1ccc(cc1)S(=O)(=O)n2cc(c3ccnc(N)c3)c4cc(Br)cnc24
0.7,0,P,COc1ccc(cc1OC)c2cnc3ccc(nn23)N4CCCC4
1,0,P,FC(F)(F)c1ccc(CN2C(=O)COCc3ccc(Br)cc23)cc1
1.3,0,P,O=C(NCCc1ccccc1)c2cc(cnc2NCC3CC3)c4cccnc4
1.2,0,P,FC(F)(F)c1nc(oc1C(=O)Nc2ccc(nc2)N3CCNCC3)c4ccccc4
1.5,0,P,NS(=O)(=O)c1cccc(c1)c2ccc3ncc(nc3c2)N4CCOCC4
0.7,0,P,CN(C(=O)c1cc2c(cccc2[nH]1)c3cncnc3)c4ccccc4
1.1,0,P,COc1cccc2c(C)nc(N=C(N)N)nc12
0.8,0,P,Cc1cnc(CCNC(=O)c2cc(cs2)c3ccc(Cl)cc3)[nH]1
1.2,0,P,O=C1N(Cc2cc3ccccc3s2)CC4CN(Cc5ccccc5)CCN14
0.5,0,P,CS(=O)(=O)c1cccc(c1)c2cnc3[nH]cc(c4ccc(CCC(=O)O)cc4)c3c2
0.3,0,P,CCn1ncc2c(NC3CCOCC3)c(CNC(=O)c4ccnn4C)c(C)nc12
0.4,0,P,Nc1ncc(cc1c2nc3cc(Cl)cnc3[nH]2)c4cn[nH]c4
0.2,0,P,CCN(CC)CCCN1CCN(CC1)C(=O)c2cccc(c2)c3noc(n3)C(F)(F)F
1.1,0,P,FC(F)(F)c1cc(cc(c1)C(F)(F)F)C(=O)Nc2ccnc(n2)c3cccnc3
0.4,0,P,CC(=O)Nc1ccc(NC(=O)c2cc([nH]n2)c3cc(Cl)ccc3O)cc1
0.8,0,P,CN(C)CCNc1ncnc2c3cc(C)ccc3[nH]c12
0.5,0,P,Cc1ccc(Oc2ccc(NC(=O)CNc3ccccc3N4CCCC4=O)cc2)cc1
0.5,0,P,CCN(CC)S(=O)(=O)c1ccc(Cl)c(c1)C(=O)Nc2ccc3nc(C)sc3c2
0.3,0,P,COc1ccc(cc1OC)C2CC(=NN2C(=O)c3occc3)c4cccs4
1.7,0,P,Cc1ccc2cc(C3NC(=O)c4ccccc4N3)c(Cl)nc2c1
0.9,1,P,Cc1onc(C)c1C(=O)N2CCCC(C2)c3[nH]c4c(C)cccc4c3c5ccncc5
1.1,1,P,CNC(=O)c1cc(cs1)S(=O)(=O)N2CCN(CC2)c3ccccn3
0.8,0,P,CC(C)c1ncc(c2ccncc2)c(n1)[C@@H]3CC[C@@H](CNC(=O)c4cccnc4)CC3
1.5,0,P,Nc1ccc(cc1)C(=O)Nc2ccc(cc2)c3oc4ccccc4n3
1.1,0,P,Cc1ccc2c(NC(=O)C23NN=C(S3)c4ccccc4)c1C
0.6,0,P,CC1CC1C(=O)NC2CCN(CC3(CCCCC3)c4ccccc4)CC2
0.6,0,P,CN(C)c1cc(NC(=O)Nc2ccccc2)c3ccccc3n1
0.6,0,P,COc1cc2ncnc(NC3CCN(Cc4ccccc4)CC3)c2cc1OC
0.5,1,P,Brc1ccc2NC(=O)C3(NCCc4c3[nH]c5ccccc45)c2c1
0.7,0,P,CCOc1ccc(cc1)c2nc(NC(=O)CS(=O)(=O)c3ccccc3)sc2C
1,0,P,Clc1ccc2OCCN(c3ccc(s3)C(=O)NC4CC4)c2c1
0.7,0,P,Cc1oc(NC(=O)c2cn(nc2c3ccccc3C)c4ccccc4)nn1
0.8,0,P,Cc1onc(c1)C(=O)Nc2ccc(cc2)c3ccccc3
0.2,1,P,COc1ccc(Cl)cc1NC(=O)CN(C)C(=O)c2cnn(n2)c3ccccc3
1.1,1,P,Cc1cc2ccccc2n1CC(=O)N3CC(Oc4ccccc34)C(=O)N5CCCCC5
1.4,0,P,COc1ccccc1C(C)NCC(=O)Nc2cc(ccc2Cl)C(F)(F)F
0.4,0,P,CCOc1ccccc1NC(C)C(=O)Nc2cc(ccc2N3CCOCC3)C(F)(F)F
0.3,0,P,CC(C)NCC(=O)Nc1cccc(c1)C(=O)Nc2cccc(c2)C(F)(F)F
0.4,0,P,Cc1ccc(NC(=O)c2nc[nH]c2C(=O)Nc3nc4ccccc4[nH]3)c(C)c1
1.6,0,P,CN(c1ccc(F)cc1)S(=O)(=O)c2ccc(Cl)c(c2)C(=O)Nc3cccc(C)n3
1.3,0,P,O=C(NC1CC1)c2ccc(nc2)N3CCC(Cc4ccccc4)CC3
0.9,1,P,CC(C)C(C(=O)Nc1ccc(cc1)S(=O)(=O)N(C)C)c2ccc(Cl)cc2
0.9,0,P,CC(N1CCN(CC1)S(=O)(=O)c2ccc(cc2)C(C)(C)C)C(=O)N3CCCC3
0.2,0,P,Cc1cc(C)n2nc(nc2n1)C(=O)Nc3cc(ccc3N4CCOCC4)C(F)(F)F
0.5,0,P,O=C(Nc1cnc2ccccc2c1)c3cccc(c3)n4cnnn4
1.2,1,P,Clc1ccc(cc1)S(=O)(=O)N2CCN(CC2)C(=S)NCc3occc3
0.9,0,P,COc1ccccc1CNC(=O)c2cc(nc3c2cnn3C(C)C)C4CC4
0.9,0,P,Cc1ccc(NC(=O)c2cc(ccc2C)S(=O)(=O)NC(C)(C)C)nc1
1,0,P,CC(C)C(NC(=O)Cc1cccc2ccccc12)C(=O)Nc3cccc(c3)C#N
1,0,P,Cc1ccc(cc1)S(=O)(=O)N2CCN(CC2)C(=O)c3cc([nH]n3)c4ccccc4
2,1,P,Clc1ccc(cc1)S(=O)(=O)NC(Cc2c[nH]c3ccccc23)C(=O)N4CCCCC4
1.9,0,P,Cc1onc(c1)C(=O)Nc2cnn(Cc3ccc(Cl)cc3Cl)c2
0.6,0,P,Cc1cc(Nc2ccncc2)n3nc(C)c(c4ccccc4Cl)c3n1
2,0,P,C[C@@]1(O)C[C@@H](C1)c2nc(c3ccc4ccc(nc4c3)c5ccccc5)c6c(N)nccn26
0.8,0,P,Clc1cccc(c1)c2cnn3ccc(nc23)C(=O)Nc4ccc(cc4)N5CCNCC5
0.2,1,P,COc1cccc(CC(=O)N2CCC(CC2)n3c(C)nc4ccc(F)cc34)c1
0.8,0,P,Clc1cccc(NC(=O)c2cnc(N3CCN(CC3)c4ccncc4)c(Cl)c2)c1
0.7,0,P,OCCNc1ccc(cc1)C(=O)C2C[C@H]2c3ccc(Cl)cc3
0.7,0,P,FC(F)(F)c1cccc(c1)C(=O)NC2CCN(C2)c3ccnc4ccccc34
0.9,0,P,CCn1cnc2c(Nc3cc(F)cc(F)c3)nc(nc12)C#N
0.2,0,P,Nc1nccc2ccc(cc12)c3ccc4nccn4c3
0.4,0,P,CC(C)(CN)c1nc(c2ccc(Cl)c(O)c2)c([nH]1)c3ccnc(N)n3
0.5,0,P,COc1ccc(cn1)c2cnc3ccc(NCc4ccc(cc4)S(=O)(=O)N)nn23
0.4,0,P,CN1CCN(CC1)S(=O)(=O)c2ccc(cc2)c3ccc4c(Nc5ccc6nn[nH]c6c5)ccnc4c3
2.1,0,P,CC(C)CN1CCC(CC1)N(C)c2cc(NC(=O)c3cccc(C)c3)ccn2
1.9,0,P,Cc1nc([nH]c1C)c2cccc(NCc3ccccc3)c2
0.6,0,P,O=C(Nc1ccccc1)c2ccc(s2)c3cc4ccncc4cc3OC5CCNCC5
2,0,P,COc1ccc(CN2CCOc3ccc(cc3C2)C(C)(O)CN(C)C)cc1C
0.3,0,P,CC1(C)Cc2c(CO1)c(nc3snc(Br)c23)N4CCOCC4
2,0,P,CCc1ccc(cc1)C(NCc2nc(N)nc(n2)N(C)C)C(C)C
2,0,P,Cc1cc(C)nc(n1)n2nc(C)cc2Nc3ccccc3
2,0,P,CC(C)N(Cc1ccccn1)Cc2csc(n2)c3oc(C)cc3
2,0,P,Fc1ccccc1C2CC2C(=O)Nc3nc(cs3)c4ccccn4
2,0,P,CCCn1c(NC(=O)c2ccc3ccccc3n2)nc4ccccc14
2,0,P,CCNC(=O)C(C)Nc1nc(nc2sc(C)c(C)c12)c3cccnc3
2,0,P,CNC(=O)CNc1nc(nc2scc(c3ccccc3)c12)c4ccccn4
0.4,0,P,CC1=NC2=NC=CN2C(NC3=CC=C(C(F)(F)F)C=C3)=C1
0.1,0,P,Cc1ccc(cc1)-c1cc(c2cc(ccc2n1)Br)C(=O)Nc1cccnc1
0.1,0,P,Clc1ccc2nc(cc(c2c1)C(=O)NCCN1CCCC1)NCCN1CCOCC1
0.007,0,P,FC1(F)CCN(CCCCNc2cc(c3cc(ccc3n2)Cl)C(=O)NCCN2CCCC2)CC1
0.3,0,P,Cc1cc(Cl)c(cc1OCC(=O)NC2CCCCC2)S(=O)(=O)N3CCCC3
1,0,P,CC(C)N(Cc1ccccc1)S(=O)(=O)c2ccc(cc2)C(=O)Nc3cc(C)on3
0.6,0,P,COc1cc(OC)cc(c1)C(=O)NCC2Cc3cc(Cl)cc(c3O2)c4ccncc4
0.8,0,P,Cc1cc(C)n(n1)c2ccc(NC(=O)C3CCN(Cc4cnc(C)s4)CC3)cc2
1.4,0,P,Clc1ccccc1CSCc2oc(cc2)C(=O)NC3CC3
1.2,0,P,COc1ccc(CCN2CCC(CC2)NCc3cccc(c3)N(C)C)cc1
0.3,0,P,FC(F)(F)c1cnc(Sc2oc(nn2)c3ccncc3)c(Cl)c1
1.3,0,P,CCOc1ccccc1C(=O)Nc2cccc(c2)c3nc4ncccn4c3C
0.1,0,P,CC(Nc1nncc(n1)c2ccc(cc2)C(F)(F)F)c3cn(C)nc3C
0.5,0,P,CC(Nc1cc(Cl)ccc1N2CCOCC2)C(=O)N3CCCC(C)C3
1.1,0,P,COc1ccc(cc1)c2cncc3ccc(nc23)C(=O)NCCCn4ccnc4
0.1,0,P,CO\C=C(\C(=O)OC)/c1ccccc1Oc2cc(Oc3ccccc3C#N)ncn2
1.5,0,P,Nc1ncc(Br)cc1c2nc3cc(Cl)cnc3[nH]2
0.6,0,P,C(C1CC1)N2Cc3ccccc3OC4(CCN(Cc5c[nH]c6cnccc56)CC4)C2
2,1,P,CCC1=CC(=O)N(C)C(=N1)SC(C)C(=O)Nc2ccc(F)cc2
1.4,0,P,CC(C)CNc1cc(nc2c([nH]nc12)-c1ccccc1)C
ND,0,P,O=C(C1CCN(CC1)c2nnnn2c3ccccc3)N4CCc5ccccc5C4
