Potency	Activity	Source	Smiles	Origin	ID: OSM Code	ID: MMV
0.00044	1	Lit	C[C@@H](C1)N[C@@]2(C(NC3=C2C=C(Cl)C=C3)=O)C4=C1C5=CC(F)=C(Cl)C=C5N4	Novartis		
0.0007	1	Lit		Vaidya		
0.0053	0	M	COc1ccccc1N=C2C(=O)c3ccccc3C(=C2N4CCCCC4)O	Mbox		MMV085203
0.00671	0	M	Cc1cc(Nc2ccc(C)c(Cl)c2)n3nc(nc3n1)C(F)(F)F	Mbox		MMV665874
0.013	1	Lit		Vaidya		
0.01533333333			O=C(N=C(S/1)N(C(C)=O)C2=CC=CC=C2)C1=C\C3=C(C)N(C4=CC=C(C=C4)C(F)(F)F)C(C)=C3	OSM S1	OSM-S-45	
0.01668		B	FC(C=C1)=C(F)C=C1[C@@H](OC(F)F)COC2=CN=CC3=NN=C(C4=CC=C(C#N)C=C4)N32	OSM S4	OSM-S-377	MMV670652
0.02	1?	Lit		Guy		
0.0202	1	M	COc1ccc(NC(=O)C2C(N(CC(C)C)C(=O)c3ccccc23)c4cccs4)cc1Cl	Mbox		MMV000642
0.022	1	Lit	C[C@@H](CC1)N[C@@]2(C(NC3=C2C=C(Cl)C=C3)=O)C4=C1C5=CC=CC=C5N4	Novartis		
0.0226	0	M	Oc1ccccc1CNCC23CC4CC(CC(C4)C2)C3	Mbox		MMV020788
0.0238	0	M	COc1cccc(C=CC2=NC(=O)c3ccccc3O2)c1OC	Mbox		MMV666693
0.02432		B	c1ncc2n(c1OCC(c1cc(c(cc1)F)F)CO)c(nn2)c1ccc(cc1)OC(F)F	OSM S4	OSM-S-381	MMV670947
0.0248	0	M	Cc1ccc(cc1)N2C3N(c4ccccc4C2N(c5ccccc35)S(=O)(=O)c6ccc(C)cc6)S(=O)(=O)c7ccc(C)cc7	Mbox		MMV007160
0.025	0	A	CC1=C(/C=C2S/C(NC\2=O)=N\C3=CC=CC=C3)C=C(C)N1C4=CC=CC=C4	OSM S1	OSM-S-35	MMV689018
0.0255	0	M	CC1CN(CC(C)O1)C(=O)c2sc3ccccc3c2Cl	Mbox		MMV020492
0.03	1	Lit	O=C1C2=CC=CC=C2[C@H](C(NC3=CC(C#N)=C(F)C=C3)=O)[C@@H](C4=CN=CC=C4)N1CC(F)(F)F	Guy		
0.0328	1	M	CC(C)CN1C(C(C(=O)Nc2cc(C)on2)c3ccccc3C1=O)c4cccs4	Mbox		MMV006429
0.03382			c1(ncc2n(c1)c(nn2)c1ccc(cc1)OC(F)F)OCCc1cc(c(cc1)F)F	OSM S4		MMV670945
0.034			CC1=C(/C=C2S/C(NC\2=O)=N\C3=CC=CC=C3)C=C(C)N1C4=CC(C(F)(F)F)=CC(C(F)(F)F)=C4	OSM S1	OSM-S-39	MMV689020
0.0367	1	M	COc1ccc(NC(=O)C2C(N(CC(C)C)C(=O)c3ccccc23)c4cccs4)cc1	Mbox		MMV000662
0.0368	0	M	C(c1ccccc1)n2c(N=Nc3c(Nc4ccccc4)ccc5ccccc35)nc6ccccc26	Mbox		MMV666023
0.04	1?	Lit		Guy		
0.0423	0	M	COc1ccc2nccc(C(O)C3CC4(CCN3CC4)C=C)c2c1	Mbox		MMV665782
0.04575			FC1=CC=C(C=C1)N2C(C)=CC(/C=C(SC(N(C3=CC=CC=C3)C(C)=O)=N4)/C4=O)=C2C	OSM S1	OSM-S-9	
0.05	1?	Lit		Guy		
0.0515	0	M	CN(C)c1ccc(C=CC2=NC(=O)c3ccccc3O2)cc1	Mbox		MMV006309
0.0581	0	M	c(c(ccn1)NCCN(CC)CC)(ccc(Cl)c2)c12	Mbox		MMV006087
0.05866666667			O=C(N=C(S/1)N(C2=CC=CC=C2)C(C)=O)C1=C\C3=C(C)N(C4=CC=CC=C4)C(C)=C3	OSM S1	OSM-S-49	
0.06536			C(COc1cncc2n1c(nn2)c1ccc(cc1)OC(F)F)(c1ccc(c(c1)F)F)F	OSM S4		MMV672936
0.067			CC1=C(/C=C2S/C(NC\2=O)=N\C3=CC=CC=C3)C=C(C)N1C4=CC=C(C)C=C4	OSM S1	OSM-S-37 	MMV689019
0.0726	0	M	COc1ccccc1CNC(=O)CCN2C(=O)Nc3ccccc3C2=O	Mbox		MMV665916
0.074	1	B	FC(OC1=CC=C(C2=NN=C3C=NC=C(N32)OCC(C4=CC(F)=C(C=C4)F)O)C=C1)F	OSM S4	OSM-S-390	MMV672687
0.0782	1	M	COc1cc(OC)c(cc1Cl)N(C)C(=O)c2cc3CS(=O)(=O)c4ccccc4c3s2	Mbox		MMV006427
0.07866666667			CC1=CC(/C=C(C(N/2)=O)\SC2=N/C3=CC=CC=C3)=C(C)N1C(C=C4)=CC=C4C(F)(F)F	OSM S1	OSM-S-38	
0.0822	0	M	CNCCCNc1ccnc2cc(Cl)ccc12	Mbox		MMV020500
0.0857	0	M	n1(n2)c(nc(C)cc1Nc(cc(C)cc3C)c3)nc2C(F)(F)F	Mbox		MMV011259
0.0899	0	M	c1(cc(c2ccc(OC)cc2)n3)n3ccnc1SCC(=O)Nc(c(Cl)ccc4C(F)(F)F)c4	Mbox		MMV396679
0.0928	0	M	c1(cc(c2ccc(C)cc2)n3)n3ccnc1SCC(=O)Nc(c(Cl)ccc4C(F)(F)F)c4	Mbox		MMV396680
0.0944	0	M	Cc1ccc(cc1)c2cc3C(=O)c4ccccc4c3nn2	Mbox		MMV666021
0.1012			C(COc1cncc2n1c(nn2)c1ccc(cc1)OC(F)F)(c1ccc(c(c1)F)F)(O)C	OSM S4		MMV672723
0.106	0	M	CCCCCCOC(=O)C1=C(C)NC(=O)NC1c2ccccc2F	Mbox		MMV007686
0.1078	1	B	FC1=C(F)C=CC(CCOC2=CN=CC3=NN=C(C4=CC=C(Cl)C=C4)N32)=C1	OSM S4	OSM-S-272	MMV639565
0.11			c1ncc2n(c1OCCc1cc(c(cc1)F)F)c(cn2)c1ccc(cc1)Cl	OSM S4	OSM-S-273	MMV669846
0.11	1	A,B	FC(OC(C=C1)=CC=C1C2=NN=C3C=NC=C(CN4CC(C=CC=C5)=C5C4)N32)F	OSM S4	OSM-S-380	MMV669848
0.1105	1	B	FC1=C(F)C=CC(C(OC)COC2=CN=CC3=NN=C(C4=CC=C(C#N)C=C4)N32)=C1	OSM S4	OSM-S-218	MMV669844
0.1137	1	B	FC(F)OC(C=C1)=CC=C1C2=NN=C3C=NC=C(OCC(C4=CC=CC=C4)CO)N32	OSM S4	OSM-S-353	MMV693155
0.1147			c1ncc2n(c1Oc1cc3c(cc1)cccc3)c(nn2)c1ccc(cc1)OC(F)F	OSM S4		MMV670659
0.117	1	M	CCOc1ccc(cc1OCC)c2nonc2NC(=O)c3cccc(C)c3	Mbox		MMV665805
0.118	0	M	CCOC(=O)c1ccc2nc(cc(O)c2c1)c3ccccc3	Mbox		MMV006457
0.119	0	M	CCOC(=O)C1=CN(CC)c2cc(N3CCCCC3)c(F)cc2C1=O	Mbox		MMV665827
0.119			O=C(/C(S/1)=C/C2=C(C)N(C(C)=C2)C3=CC(OC)=CC=C3)NC1=N\C4=CC=CC=C4	OSM S1	OSM-A-3	
0.1228			C(COc1cncc2n1c(nn2)c1ccc(cc1)OC(F)F)(c1ccc(c(c1)F)F)(F)C	OSM S4		MMV672727
0.13	1	B	ClC(C=C1)=CC=C1C2=NN=C3N2C(OCCC4=CC=CC=C4)=CN=C3	OSM S4	OSM-S-293	MMV663915
0.135	0	M	CSC1=NC(=Nc2c(C)cccc2C)C3(CCC(CC3)C(C)(C)C)N1c4ccc(Cl)cc4	Mbox		MMV666596
0.135	1	C	FC(F)OC(C=C1)=CC=C1C2=NN=C3C=NC=C(OCCC4=CC(OC)=CC=C4)N32	OSM S4	OSM-S-383	MMV897711
0.139	1	M	COc1cccc(NC(=O)[C@H](C(C)C)N2C(=O)Nc3ccccc3C2=O)c1	Mbox		MMV665878
0.14	0	M	COc1ccccc1CNC(=O)CCN2C(=O)Nc3ccsc3C2=O	Mbox		MMV019066
0.1408	1	B	FC1=C(C=CC(C(COC2=CN=CC3=NN=C(N32)C4=CC=C(OC(F)F)C=C4)N(C)C)=C1)F	OSM S4	OSM-S-389	MMV897763
0.1415	0	M	CN1CCN(CC1)c2ccc(Nc3c4ccccc4nc5ccccc35)cc2	Mbox		MMV006172
0.142	0	M	CCC1(C)CC(CCNCc2ccccc2O)(CCO1)c3ccc(C)cc3	Mbox		MMV019406
0.142	0	M	[O-][N+](=O)c1ccc(C=NNc2nc3ccccc3[nH]2)cc1	Mbox		MMV666607
0.146	0	M	CCCc1cc(O)c2C3=C(CN(C)CC3)C(=O)Oc2c1	Mbox		MMV665841
0.148	0	M	COc1ccc(cc1)C2=C(c3ccc(OC)cc3)C4(C5C(C(=O)N(C5=O)c6ccc(C)cc6)C2(C4=O)c7ccccc7)c8ccccc8	Mbox		MMV666101
0.154	0	M	CCOC(=O)C1=C(N=C2SC(=Cc3cc(C)n(c3C)c4ccc(F)cc4)C(=O)N2C1c5cccc(OC)c5OC)c6ccccc6	Mbox		MMV666601
0.16			c1nc(c2n(c1OCCc1cc(c(cc1)F)F)c(nn2)c1ccc(cc1)OC(F)F)Cl	OSM S4		MMV668823
0.161	0	M	CC(C)(C)c1ccc(O)c(CNC2CCCCC2)c1	Mbox		MMV665785
0.1656666667	0	A	O=C(/C(S/1)=C/C2=C(C)N(C3=CC=C(OC)C=C3)C(C)=C2)NC1=N\C4=CC=CC=C4	OSM S1	OSM-S-111	
0.168	0	M	COc1ccc(C=C2SC(=N)N(C2=O)c3ccccc3OC)cc1	Mbox		MMV666691
0.169			O=C(N=C(S/1)N(C2=CC=CC=C2)C(C)=O)C1=C\C3=C(C)N(C4=CC=C(C)C=C4)C(C)=C3	OSM S1	OSM-S-50	
0.17	0	M	COc1ccc(c(OC)c1)n2ccnc2SCC(=O)Nc3cc(C)ccc3C	Mbox		MMV019258
0.1734			c1ncc2n(c1Oc1ccc3c(c1)cc(cc3F)F)c(nn2)c1ccc(cc1)OC(F)F	OSM S4		MMV672941
0.1765	0	M	COc1ccc(cc1)c2nc3cc(Cc4ccc5[nH]c(nc5c4)c6ccc(OC)cc6)ccc3[nH]2	Mbox		MMV007384
0.179	0	M	COc1ccc(cc1N2C(=O)C3C(C2=O)C4(C(=O)C3(C(=C4c5ccc(C)cc5)c6ccc(C)cc6)c7ccccc7)c8ccccc8)C(=O)C	Mbox		MMV007695
0.18	0	M	COc1ccc(Br)cc1C2Nc3ccc4ccccc4c3C5=C2C(=O)CC(C5)c6ccccc6	Mbox		MMV020885
0.184	1	Lit	O=C(NC1=CC=C(F)C=C1F)NC2=C(C3=CC=C(Br)C=C3)C(C(F)(F)F)=NN2C	Winzeler		
0.1925			FC1=CC=C(N2C(C)=CC(/C=C3S/C(NC\3=O)=N\C4=CC=CC=C4)=C2C)C=C1	OSM S1	OSM-S-10	MMV689017
0.194	0	M	CCc1ccc(Nc2cc(C)c3ccc(O)cc3n2)cc1	Mbox		MMV000570
0.196	0	M	CCCN(CCC)CC(O)COc1ccccc1C(=O)Nc2ccccc2	Mbox		MMV006455
0.205	0	M	CCOC(=O)c1c(NC(=O)c2ccccc2)sc3c(O)c(CN(CC)CC)ccc13	Mbox		MMV665831
0.205	0	M	CCOC(=O)C1=CN(CC)c2cc(N(C)CCc3ccc(OC)c(OC)c3)c(F)cc2C1=O	Mbox		MMV665977
0.206	0	M	CSc1ccccc1C(=O)Nc2nc(cs2)c3ccccn3	Mbox		MMV001246
0.207			FC1=C(F)C=CC(C(OC)COC2=CN=CC3=NN=C(C4=CC=C(C#N)C=C4)N32)=C1	OSM S4	OSM-S-208	
0.211	1	A	c1ncc2n(c1C(Nc1cccc(c1)Cl)=O)c(nn2)c1ccc(cc1)OC(F)F	OSM S4	OSM-S-202	MMV669542
0.212	0	M	n1(n2)c(nc(C)cc1Nc(cc3)ccc3Cl)nc2C(F)(F)F	Mbox		MMV011256
0.2155	0	M	CCOC(=O)c1c(C)n(c2ccc(Cl)cc2)c3ccc(OC(=O)C=Cc4ccccc4)cc13	Mbox		MMV666600
0.218	0	M	c1(cc(c2ccccc2)n3)n3ccnc1SCC(=O)Nc(c(Cl)ccc4C(F)(F)F)c4	Mbox		MMV396678
0.232	0	M	CCOC(=O)c1cnc2c(C)cc(C)cc2c1Nc3ccc(OC)c(OC)c3	Mbox		MMV008294
0.235	0	M	CN(C)CCCNc1c2ccccc2nc3ccccc13	Mbox		MMV000448
0.237	0	M	CCCCCC(=O)N1C(C2=C(O)CC(CC2=Nc3ccccc13)c4ccc(OC)c(OC)c4)c5ccc(cc5)C(F)(F)F	Mbox		MMV085583
0.242	0	M	n1(ncn2)c2nc(C)cc1Nc(ccc(cccc3)c34)c4	Mbox		MMV011099
0.2425	0	M	CCCC1=C(CC)C(=N)c2ccccc2N1C	Mbox		MMV008416
0.25			c1ncc2n(c1C(NCc1cc(ccc1)Cl)=O)c(nn2)c1ccc(cc1)OC(F)F	OSM S4	OSM-S-176	MMV668958
0.251	0	M	C1CN(CCO1)c2ccc(Nc3ccnc4cc5ccccc5cc34)cc2	Mbox		MMV006861
0.251	1	C	FC(F)OC(C=C1)=CC=C1C2=NN=C3C=NC=C(OCCC4=CC=CC=C4)N32	OSM S4	OSM-S-369	MMV897698
0.255	0	M	CN(C)c1ccc(cc1)C(O)(c2ccc(cc2)N(C)C)c3ccc(cc3)N(C)C	Mbox		MMV665941
0.2583333333			CCOC(C1=CC=C(N2C(C)=CC(/C=C(C(N/3)=O)\SC3=N/C4=CC=CC=C4)=C2C)C=C1)=O	OSM S1	OSM-S-48	
0.259	0	M	CCC(c1ccccc1)c2nn3c(nnc3s2)c4cccs4	Mbox		MMV665876
0.259			ClC1=CC=CC(C2=NN=C3C=NC=C(OCCC4=CC=CC=C4)N32)=C1Cl	OSM S4	OSM-S-351	
0.262			O=C(/C(S/1)=C/C2=C(C)N(C3=CC=C([N+]([O-])=O)C=C3)C(C)=C2)NC1=N\C4=CC=CC=C4	OSM S1	OSM-S-109	
0.2627			c1ncc2n(c1Oc1ccc(cc1)S(F)(F)(F)(F)F)c(nn2)c1ccc(cc1)OC(F)F	OSM S4		MMV671680
0.263	0	M	Cc1cc(C=C2SC(=Nc3ccccc3)N(C4CCCC4)C2=O)c(C)n1c5ccc(Cl)cc5	Mbox		MMV666688
0.268	0	M	Cc1cc(C)c2CN(Cc3ccccc3Cl)COc2c1	Mbox		MMV006558
0.274	0	M	CC1CCN(Cc2ccc(NC(=O)c3cc4ccc5cccnc5c4[nH]3)cc2)CC1	Mbox		MMV020549
0.2766666667			CC(N1C2=CC=C(C(F)(F)F)C=C2)=C(/C=C(C(N/3C4CCCC4)=O)\SC3=N/C5=CC=CC=C5)C=C1C	OSM S1	OSM-S-54	
0.277	0	A	CC1=C(/C=C2S/C(NC\2=O)=N\C3=CC=CC=C3)C=C(C)N1C4=NC=CC=C4	OSM S1	OSM-S-51	MMV689021
0.2785			c1ncc2n(c1OC[C@@H](c1cc(c(cc1)F)F)N)c(nn2)c1ccc(cc1)OC(F)F	OSM S4		MMV671651
0.28	1	A	c1(ccccc1)CCCc1cncc2n1c(nn2)c1ccc(cc1)OC(F)F	OSM S4		MMV669304
0.28			c1c(ccc(c1F)F)CNC(c1cncc2n1c(nn2)c1ccc(cc1)OC(F)F)=O	OSM S4		MMV669543
0.281			FC1=C(F)C=CC(CCOC2=CN=CC3=NN=C(C4=CC=C(OC(F)F)C=C4)N32)=C1	OSM S4	OSM-S-260	MMV675960
0.282	0	M	Cc1ccc(cc1)N2C(=O)C3C(C2=O)C4(C(=O)C3(C(=C4c5ccccc5)c6ccccc6)c7ccccc7)c8ccccc8	Mbox		MMV666062
0.28225			CC(N1C2=CC=C(F)C=C2)=CC(C(OCC(NC(C3=O)=C(N(N3C4=CC=CC=C4)C)C)=O)=O)=C1C	OSM S1	OSM-S-6	
0.283	0	M	C1(O)(CC(=O)c(ccc(OC)c2)c2O1)C(F)(F)C(F)(F)F	Mbox		MMV007839
0.285			N#CC(C=C1)=CC=C1C2=NN=C3N2C(OCC(OC)C4=CC=CC=C4)=CN=C3	OSM S4	OSM-S-265	MMV675948
0.293	0	M	OC(CNC1CCCCC1)Cn2c3ccccc3c4ccccc24	Mbox		MMV009063
0.296	0	M	[n+]1(C)c2c(cccc2)nc(ccc(NCCO)c3)c13	Mbox		MMV396693
0.3	0	M	Cc1cc(NCCN2CCCCC2)c3ccc4ccccc4c3n1	Mbox		MMV006203
0.3036666667			CC(N1C2=CC=C(C(F)(F)F)C=C2)=CC(/C=C(C(N/3C4=CC=CC=C4)=O)\SC3=N/C5=CC=CC=C5)=C1C	OSM S1	OSM-S-52	
0.304	0	M	C(Cc1c[nH]c2ccccc12)Nc3c4ccccc4nc5ccccc35	Mbox		MMV006513
0.3045	0	M	Cc1cccc(c1)N2C(=O)C3C(C2=O)C4(C(=O)C3(C(=C4c5ccc6OCOc6c5)c7ccc8OCOc8c7)c9ccccc9)c%10ccccc%10	Mbox		MMV007228
0.309			N#CC(C=C1)=CC=C1C2=NN=C3C=NC=C(OCCC4=CC=CC=C4Cl)N32	OSM S4	OSM-S-189	MMV639725
0.309	1	A	c1c(c(c(cc1)C(F)(F)F)Cl)CNC(c1cncc2n1c(nn2)c1ccc(cc1)OC(F)F)=O	OSM S4		MMV671677
0.309			FC(F)OC(C=C1)=CC=C1C2=NN=C3C=NC=C(C(NC4=CC(C(F)(F)F)=CC(C(F)(F)F)=C4)=O)N32	OSM S4	OSM-S-206	MMV675719
0.313	0	M	FC(F)(F)c1cccc(Nc2nc3ccccc3nc2Nc4cccc(c4)C(F)(F)F)c1	Mbox		MMV665794
0.314	0	M	CCOC(=O)c1cnc2c(C)cccc2c1Nc3ccc(cc3)C(=O)C	Mbox		MMV006250
0.314275	1	B	OC(C1=CC=CC=C1)COC2=CN=CC3=NN=C(C4=CC=C(OC(F)F)C=C4)N32	OSM S4	OSM-S-279	MMV688896
0.32			c1ncc2n(c1CCCc1cc(c(cc1)F)F)c(nn2)c1ccc(cc1)OC(F)F	OSM S4		MMV670243
0.326	0	M	Oc1ccc(cc1)c2nc(c3ccc4oc5ccc(cc5c4c3)c6[nH]c(nc6c7ccccc7)c8ccc(O)cc8)c([nH]2)c9ccccc9	Mbox		MMV000753
0.3265	0	M	COC(=O)c1ccc(cc1)C2N(C(=O)c3ccccc3)c4ccccc4N=C5CC(CC(=C25)O)c6ccc(F)cc6	Mbox		MMV011438
0.3292	1	B	FC(C(Cl)=C1)=CC=C1NC(C2=CN=CC3=NN=C(C4=CC=C(OC(F)F)C=C4)N32)=O	OSM S4	OSM-S-379	MMV670767
0.3321			c1c(c(ccc1Cl)Cl)CNC(c1cncc2n1c(nn2)c1ccc(cc1)OC(F)F)=O	OSM S4		MMV671676
0.345	0	M	Fc1ccc2[nH]c3c(NCCCN4CCOCC4)ncnc3c2c1	Mbox		MMV019871
0.3475	1	B	O=C(NC1=CC=NC(C(F)(F)F)=C1)C2=CN=CC3=NN=C(C4=CC=C(OC(F)F)C=C4)N32	OSM S4	OSM-S-175	MMV670944
0.35	0	M	COc1cc(cc(OC)c1O)c2nc(c3ccc(Sc4ccccc4)cc3)c([nH]2)c5ccccc5	Mbox		MMV007273
0.35	0	M	Cc1ccc(Nc2nc(cs2)c3ccccn3)cc1	Mbox		MMV007907
0.35	0	M	c12c(CC(C(O)=O)NC1c3ccc(Cl)cc3Cl)c4c(cccc4)[nH]2	Mbox		MMV008138
0.351	0	M	c1(cnc(c2c1O)ccc(CC)c2)C(OCC)=O	Mbox		MMV007116
0.36	1	A	c1ncc2n(c1COCc1cc(c(cc1)F)F)c(nn2)c1ccc(cc1)OC(F)F	OSM S4		MMV669360
0.361	0	M	CCN1CCN(Cc2ccc(NC(=O)c3cc4ccc5cccnc5c4[nH]3)cc2)CC1	Mbox		MMV020548
0.362	0	M	CC(C)(C)c1ccc2OCN(Cc3ccc(Cl)cc3)Cc2c1	Mbox		MMV000442
0.366			FC(C=C1)=CC=C1C2=NN=C3C=NC=C(OCCC4=CC=CC=C4)N32	OSM S4	OSM-S-352	
0.37	0	M	CCOc1cc2CCNC(c3cc(OC)c(O)cc3Cl)c2cc1OCC	Mbox		MMV008956
0.372	1	C	FC(F)OC(C=C1)=CC=C1C2=NN=C3C=NC=C(OCCC4(C56)C7C6C8C5C4C87)N32	OSM S4	OSM-S-371	MMV897700
0.373	0	M	C12=C(C=C(C(=O)NCc(cccn3)c3)C(=N)N1CCc(cc4)ccc4OC)C(=O)N(C=CC=C5C)C5=N2	Mbox		MMV667488
0.376	0	M	C(CCCNc1c2CCCCc2nc3ccccc13)CCNc4c5CCCCc5nc6ccccc46	Mbox		MMV019555
0.378	0	M	CCC1=C(C)C(=N)c2ccccc2N1C	Mbox		MMV006278
0.38			c1ncc2n(c1C(NCc1ccccc1Cl)=O)c(nn2)c1ccc(cc1)OC(F)F	OSM S4		MMV669002
0.381	0	M	CC1=C(CC(=O)c2cccc(c2)[N+](=O)[O-])C(=O)c3ccccc3C1=O	Mbox		MMV666125
0.3829			c1ncc2n(c1Oc1ccc(cc1)C(F)(F)F)c(nn2)c1ccc(cc1)OC(F)F	OSM S4		MMV670764
0.385	0	M	N1(C=CC(N)=NC1=O)C2O[C@@H]([C@@H](O)[C@H]2O)CO	Mbox		MMV638723
0.387	0	M	CCCCCCc1cc2C=C(C(=O)Oc2cc1O)c3csc(C=Cc4ccccc4)n3	Mbox		MMV666692
0.391	0	M	c1(c(ccn2)NCCN(CC)CC)c2cc(cccc3)c3c1	Mbox		MMV006303
0.393	0	M	COc1cccc(c1)C(=O)NC(c2ccc(C)cc2)c3cc(Cl)c4cccnc4c3O	Mbox		MMV665969
0.396	0	M	Cc1ccc(cc1)c2cc3nc4CCCCc4c(O)n3n2	Mbox		MMV006937
0.4	0	M	Cc1cccc(Nc2nc(N)c3ccccc3n2)c1	Mbox		MMV019110
0.406	0	M	c12c(ncnc1NCCN(CC)CC)c3c(ccc(Cl)c3)[nH]2	Mbox		MMV396703
0.407	0	M	CCCOCc1cc(CN2CCN(CC2)c3cccc(Cl)c3)c(O)c4ncccc14	Mbox		MMV000787
0.4145	0	M	Fc1cccc(c1)C2Sc3ccccc3N=C4C2C(=O)c5ccccc45	Mbox		MMV006389
0.415			C12=NN=C(C3=CC(C=CC=C4)=C4C=C3)N1C(OCCC5=CC=CC=C5)=CN=C2	OSM S4	OSM-S-297	MMV689973
0.428	0	M	n1c(NCCO)c2c(cccc2)nc1Nc(ccc(C)c3C)c3	Mbox		MMV001038
0.43			C1(CN(C1)c1cc(c(cc1)F)F)Oc1cncc2n1c(nn2)c1ccc(cc1)OC(F)F	OSM S4		MMV668956
0.433	0	M	C(F)(F)(F)c(cc1)ccc1C(=O)NCC(N2CCCCCC2)c(ccs3)c3	Mbox		MMV396672
0.4349	0	B	C(COc1cncc2n1c(nn2)c1cnc(cc1)C(F)(F)F)c1cc(c(cc1)F)F	OSM S4	OSM-S-366	MMV670936
0.439	0	M	CCOc1ccc2OCN(Cc3ccc(Cl)cc3)Cc2c1	Mbox		MMV000443
0.448	0	M	COc1ccc(cc1)c2nc(NC(=O)CS(=O)(=O)c3ccc(F)cc3)sc2C	Mbox		MMV665915
0.45	0	M	Brc1cccc(c1)C(=O)Nc2ccc(cc2)c3nc4cc5ccccc5cc4[nH]3	Mbox		MMV019241
0.452			ClC(C=C1)=CC=C1C2=NN=C3C=NC=C(OCC4=CC=C(F)C(F)=C4)N32	OSM S4	OSM-S-259	MMV675959
0.454	0	M	Cc1ccc(cc1)C2CC(n3nc(cc3N2)C(=O)N4CCN(CC4)C(c5ccccc5)c6ccccc6)C(F)(F)F	Mbox		MMV000699
0.4551			c1ncc2n(c1Oc1cc(c(cc1)Cl)Cl)c(nn2)c1ccc(cc1)OC(F)F	OSM S4		MMV670765
0.466	0	M	OC(CNC1CCCCC1)Cn2c3ccc(I)cc3c4cc(I)ccc24	Mbox		MMV665882
0.467	0	M	n1c(Nc(cc2)ccc2OC)cc(C)nc1NCc3ccccc3	Mbox		MMV006825
0.47			c1ncc2n(c1OCCc1cc(c(cc1)F)F)c(nn2)N1Cc2c(C1)cccc2	OSM S4		MMV669028
0.473	0	M	CC(C)CCNCC(O)Cn1c2ccccc2c3ccccc13	Mbox		MMV006787
0.477	0	M	n1(nc(C)c2c3ccc(OC)c(OC)c3)c2ncc(C#N)c1N	Mbox		MMV396797
0.4775	0	M	COc1ccccc1N2C(=N)SC(=Cc3ccc(OCc4ccccc4F)cc3)C2=O	Mbox		MMV007199
0.48	0	M	CCOc1ccc2nc(C)cc(Nc3ccc(Br)cc3)c2c1	Mbox		MMV006522
0.4833			C1(COC1)(COc1cncc2n1c(nn2)c1ccc(cc1)OC(F)F)c1cc(c(cc1)F)F	OSM S4		MMV670438
0.489	0	M	CCOC(=O)C1=C(C)N=C2SC(=Cc3cc(Cl)ccc3O)C(=O)N2C1c4ccc(OC)cc4	Mbox		MMV665971
0.5096			c1(ccc2n(n1)c(nn2)c1ccc(cc1)OC(F)F)NCCc1ccc(cc1)F	OSM S4		MMV672942
0.5115	1	M	CCOc1c(Br)cc(cc1OC)C2C(=CN(C)C=C2C(=O)OC)C(=O)OC	Mbox		MMV006764
0.512	0	M	CCn1c(CN2CCN(Cc3ccccc3)CC2)nc4cc(NC(=O)c5cccs5)ccc14	Mbox		MMV020439
0.513	0	M	COc1ccc(cc1)C(=O)NC(c2ccc(Cl)cc2Cl)c3cc(Cl)c4cccnc4c3O	Mbox		MMV666054
0.515	0	A	FC1=CC=C(N2C(C)=CC(C(OCC(N)=O)=O)=C2C)C=C1	OSM S1	OSM-S-5	MMV019247
0.516	1	M	COc1ccc(cc1Cl)C(=O)Nc2nonc2c3ccc(OC)c(OC)c3	Mbox		MMV011567
0.5185	1	M	CCOC(=O)C1=CN(C)C=C(C1c2cc(Br)c(OCC)c(OC)c2)C(=O)OCC	Mbox		MMV006656
0.52	0	M	COc1ccc2C(=O)C=C(Oc2c1)C(Cl)(Cl)Cl	Mbox		MMV665820
0.5207			c1(ncc2n(c1)c(nn2)c1ccc(cc1)OC(F)F)OCc1cc(c(cc1)F)F	OSM S4		MMV670946
0.529			FC(F)OC(C=C1)=CC=C1C2=NN=C3C=NC=C(OCC4=CC=C(Cl)C(Cl)=C4)N32	OSM S4	OSM-S-347	
0.53	0	M	COc1cccc(O)c1CN2CCC3(CCCN(Cc4ccc(F)cc4)C3)C2	Mbox		MMV666061
0.532	0	M	COc1ccc(Nc2nc(NN=Cc3ccc(O)cc3)nc(Nc4ccc(cc4)[N+](=O)[O-])n2)cc1	Mbox		MMV666689
0.534	0	M	CCCCCCc1cc(O)c2C3=C(CCC(C)C3)C(=O)Oc2c1	Mbox		MMV665987
0.534			N#CC(C=C1)=CC=C1C2=NN=C3C=NC=C(OCCC4=CC=CC=C4)N32	OSM S4	OSM-S-187	
0.535	0	M	Cc1ccc(c(O)c1)c2cc([nH]n2)C(=O)Nc3ccc(cc3)S(=O)(=O)N4CCCCC4	Mbox		MMV665906
0.536	0	M	CC(=O)c1sc(NC(=O)Nc2ccc(C)cc2C)nc1C	Mbox		MMV665894
0.538	0	M	CCCCc1ccc(NS(=O)(=O)c2cc3CCN4C(=O)CCc(c2)c34)cc1	Mbox		MMV001255
0.539	1	M	Cc1ccc(F)cc1NC(=O)c2cc(Cl)ccc2Nc3ccccc3	Mbox		MMV007275
0.545	0	M	CN1C(=O)N(C)c2cc(CNCCNc3ccnc4cc(Cl)ccc34)ccc12	Mbox		MMV665875
0.5468			c1ncc2n(c1C(=O)NC1CCc3c1ccc(c3)Cl)c(nn2)c1ccc(cc1)OC(F)F	OSM S4		MMV672624
0.548	0	M	Oc1ccccc1CN2CCC3(CCCN(Cc4ccccc4F)C3)C2	Mbox		MMV666116
0.551	0	M	COc1ccc(C=C2SC(=NC2=O)Nc3ccccc3)cc1	Mbox		MMV665836
0.551	0	M	CCCCCCc1cc2C=C(C(=Nc3ccccc3C)Oc2cc1O)c4nc5ccccc5[nH]4	Mbox		MMV666597
0.552	0	M	CN1C=C(C(c2ccccc12)c3c[nH]c4ccccc34)c5ccc6ccccc6n5	Mbox		MMV008160
0.555	0	M	ClCC(=O)NCCOc1ccc(Cl)cc1Cl	Mbox		MMV665927
0.56	0	M	CCOc1ccc(C=CC2=NC(=O)c3ccccc3O2)cc1	Mbox		MMV665940
0.563	0	M	Brc1ccc2OCC(=Cc2c1)C(=O)NCCCN3CCC(CC3)N4CCCCC4	Mbox		MMV019995
0.567	0	M	OC1=C2C(Sc3ccccc3N=C2c4ccccc14)c5ccc(Br)cc5	Mbox		MMV007127
0.5697			c1ncc2n(c1N[C@H](c1cc(c(cc1)F)F)CO)c(nn2)c1ccc(cc1)OC(F)F	OSM S4		MMV671652
0.5764			c1ncc2n(c1Oc1ccc3c(c1)scc3)c(nn2)c1ccc(cc1)OC(F)F	OSM S4		MMV672937
0.5767	1	B	OC(C1=CC(F)=C(F)C=C1)COC2=CN=CC3=NN=C(C4=CC=C(C#N)C=C4)N32	OSM S4	OSM-S-376	MMV897708
0.582			FC(C=C1)=C(F)C=C1C2=NN=C3C=NC=C(OCCC4=CC=CC=C4)N32	OSM S4	OSM-S-349	
0.584	0	M	CCCCOC(=O)c1ccc(Nc2cc(C)nc3ccc(OC)cc23)cc1	Mbox		MMV665797
0.589	0	M	n1c(NCc2ccccc2)c3c(cccc3)nc1Nc(cc4)ccc4OC	Mbox		MMV000963
0.59	0	M	OCCNc1nc(Nc2ccc(Cl)c(Cl)c2)nc3ccccc13	Mbox		MMV001041
0.591	0	M	COc1ccc(C=C2SC(=NC2=O)Nc3ccc(F)cc3)c(OC)c1	Mbox		MMV084434
0.5973			c1ncc2n(c1Oc1cc(c(cc1)Cl)C(F)(F)F)c(nn2)c1ccc(cc1)OC(F)F	OSM S4		MMV671650
0.603	0	M	CC(NCc1ccccc1)c2cc(Cl)ccc2O	Mbox		MMV665789
0.6095			[C@H]1([C@@H](N(C1)C1CC1)c1cc(c(cc1)F)F)Oc1cncc2n1c(nn2)c1ccc(cc1)OC(F)F	OSM S4		MMV671933
0.611	0	M	Oc1ccccc1CN2CCN(CC2)C(c3ccccc3)c4ccccc4	Mbox		MMV011795
0.6133			c1ncc2n(c1OCC(c1cc(c(cc1)F)F)N1CCOCC1)c(nn2)c1ccc(cc1)OC(F)F	OSM S4		MMV671647
0.6145	0	M	Cc1sc2ncnc(Sc3nc4ccccc4[nH]3)c2c1C	Mbox		MMV019266
0.615	0	M	c1(C(OCC)=O)c(cc(cc2)OC(=O)c(cc3OC)cc(OC)c3OC)c2n(c4ccccc4)c1C	Mbox		MMV396664
0.625	0	M	CCN(Cc1ccccc1)C2CCN(Cc3cc(Br)ccc3O)CC2	Mbox		MMV019127
0.632	0	M	COc1ccc(CCNC(=O)c2cc(ccc2Sc3ccc(F)cc3)S(=O)(=O)N4CC(C)CC(C)C4)cc1OC	Mbox		MMV007557
0.635	0	M	Cc1ccc(CSCc2oc(cc2)C(=O)NC3CC3)cc1	Mbox		MMV007571
0.6405	0	M	CCC(O)c1ccc(Br)cc1NC(=O)c2cccc(Cl)c2	Mbox		MMV020654
0.641	0	M	CCN(CC)S(=O)(=O)c1ccc(cc1)c2csc(Nc3ccc(C)c(C)c3)n2	Mbox		MMV009108
0.642	0	M	CCC(C)NCC(O)(c1ccc(Cl)cc1)c2ccc(Cl)cc2	Mbox		MMV665928
0.646	0	M	Oc1ccc2ccccc2c1CNc3nc4ccccc4[nH]3	Mbox		MMV011832
0.646	0	M	O=C(NC1CCN(Cc2ccccc2)CC1)c3cc(cc(c3)C(=O)NC4CCN(Cc5ccccc5)CC4)C(=O)NC6CCN(Cc7ccccc7)CC6	Mbox		MMV019881
0.648	0	M	CC1CCCCN1CCCNC(=O)c2ccc3c(c2)sc4nc(cn34)c5ccc(F)cc5	Mbox		MMV000634
0.65			c1ncc2nnc(n2c1C(Nc1ccc(c(c1)F)F)=O)c1ccc(cc1)OC(F)F	OSM S4		MMV669850
0.66	0	M	OC(CNC1CCCC1)Cn2c3ccccc3c4ccccc24	Mbox		MMV000848
0.6615	0	M	c1ccc(cc1)C2=Nc3ccccc3N=C(c4ccccc4)c5ccccc25	Mbox		MMV007113
0.662	0	M	Cc1cc(Nc2cccc(F)c2)nc(NCc3ccccc3)n1	Mbox		MMV006319
0.663	0	M	COc1ccc(CNC2CCN(CC2)c3ccc(NC(=O)c4cccc(Cl)c4)cc3)cc1OC	Mbox		MMV666067
0.669	0	M	CN1C(=O)c2cc(sc2c3ccccc13)C(=O)NCCCN4CCCCCC4	Mbox		MMV019313
0.6765	0	M	OC(COc1ccccc1C(=O)CCc2ccccc2)CN3CCCCC3	Mbox		MMV009015
0.683	0	M	CCOc1cc2CCNC(c3cc(C)c(O)c(C)c3)c2cc1OCC	Mbox		MMV000483
0.683	0	M	n1(c2c(cccc2)n3)c3c(C#N)c(C)cc1N(CC4)CCN4C5CCCC5	Mbox		MMV006706
0.684	0	M	Cc1cc(Nc2ccc(OCc3ccccc3)cc2)nc4cc(O)ccc14	Mbox		MMV007181
0.685	0	M	FC(F)(F)c1cccc(CNC2CCN(CCc3ccccc3)CC2)c1	Mbox		MMV665979
0.686	0	M	c1(cc(C)nc(ccc(OC)c2)c12)Nc3ccccc3O	Mbox		MMV274073
0.693	0	M	Cc1onc(NC(=O)c2ccc(cc2)c3ccccc3)c1	Mbox		MMV018984
0.693	0	M	C1(=NC(N(C)C2=O)=O)C2=NC(=NN1CC)c3ccc(C(=O)OC)cc3	Mbox		MMV306025
0.6945	0	M	CCN1C2=C(CCC2)C(=N)C3=C1CCCC3	Mbox		MMV000340
0.697	0	M	CC(C)OCc1cc(CN2CCN(CC2)c3cccc(Cl)c3)c(O)c4ncccc14	Mbox		MMV000788
0.697	0	M	Cc1ccccc1OCCSc2nc3ccc(NC(=O)c4cccs4)cc3s2	Mbox		MMV007396
0.697	0	M	Cc1cc(C)c2nc(sc2c1)N3CCC(CC3)C(=O)NCCCN4CCC(CC4)N5CCCCC5	Mbox		MMV019780
0.7	0	M	c12c(ncnc1NCCCN(CC3)CCO3)c4c(ccc(Cl)c4)[nH]2	Mbox		MMV006587
0.702			FC(F)OC(C=C1)=CC=C1C2=NN=C3C=NC=C(OC(C)C4=CC=C(Cl)C(Cl)=C4)N32	OSM S4	OSM-S-346	
0.706	0	M	CCCCNc1nc(NC(C)(C)C)nc(NC(C)(C)C)n1	Mbox		MMV665864
0.707	0	M	c12c(ncnc1NCCN(CC)CC)c3c(ccc(Br)c3)[nH]2	Mbox		MMV006545
0.709			ClC(C=C1)=C(Cl)C=C1C2=NN=C3C=NC=C(OCCC4=CC=CC=C4)N32	OSM S4	OSM-S-350	
0.716	0	M	CCCCC1=C(CCC)C(=N)c2ccccc2N1C	Mbox		MMV007764
0.7185	0	M	CCN(CC)CCN1C(=N)N(CC(O)c2ccc(Cl)c(Cl)c2)c3ccccc13	Mbox		MMV000248
0.728	1	M	CCOc1cc(Cl)c(cc1OCC)C(C)NC(=O)c2cccc(OC)c2	Mbox		MMV665803
0.7308			[C@H]1([C@H](N(C1)C1CC1)c1ccc(c(c1)F)F)Oc1cncc2nnc(n12)c1ccc(cc1)OC(F)F	OSM S4		MMV672689
0.735	0	M	COc1ccc(cc1)C2=CC(=O)Oc3c4CN(Cc5ccc(F)cc5)COc4ccc23	Mbox		MMV000604
0.735	0	M	Clc1cc(NC(=O)c2oc(Br)cc2)ccc1N3CCCCC3	Mbox		MMV019700
0.738			c1ncc2n(c1Oc1ccc(cc1)C(C)(C)C)c(nn2)c1ccc(cc1)OC(F)F	OSM S4		MMV671648
0.745	0	M	O=C(Nc1cccc(c1)C(=O)Nc2cccc(c2)c3nc4ccccc4[nH]3)c5occc5	Mbox		MMV665883
0.746	0	M	CCOc1cc2CCNC(c3cc(Cl)ccc3O)c2cc1OCC	Mbox		MMV000478
0.7555	0	M	CC1CC(C)CN(C1)C(=O)c2ccc(Cl)cc2Cl	Mbox		MMV001344
0.769	0	M	CC1CCCCC1NCC(O)Cn2c(C)c(C)c3ccccc23	Mbox		MMV665806
0.771	0	M	Cc1[nH]c(cc1C(=O)NC2CCN(Cc3ccccc3)CC2)c4ccc(F)cc4	Mbox		MMV019738
0.7744	0.5	B	O=C(NC1=CC(Cl)=CC=C1C)C2=CN=CC(N23)=NN=C3C4=CC=C(OC(F)F)C=C4	OSM S4	OSM-S-254	MMV675947
0.776	0	M	C(Nc1nc(Nc2ccccc2)nc3ccccc13)c4ccccc4	Mbox		MMV006169
0.782	0	M	COc1cc(cc(OC)c1OC)C(=O)ON=C(N)Cc2cccc3ccccc23	Mbox		MMV666687
0.795	0	M	OCCCCN1C(=O)c2ccc3C(=O)N(CCCCO)C(=O)c4ccc(C1=O)c2c34	Mbox		MMV009085
0.8005	0	M	Clc1cc(Br)ccc1c2oc(CNCC3CCNCC3)cc2	Mbox		MMV019918
0.814	0	M	COc1ccccc1C(=O)ON=C(N)Cc2cccc3ccccc23	Mbox		MMV666686
0.826	0	M	O=C(Nc1ccc(cc1)C23CC4CC(CC(C4)(C2)c5ccccc5)C3)c6cccs6	Mbox		MMV007574
0.83	0	M	COc1ccc(cc1)C(=O)NC(c2ccccc2Cl)c3cc(Cl)c4cccnc4c3O	Mbox		MMV666022
0.83			c1ncc2cnc(n2c1OCCc1cc(c(cc1)F)F)c1ccc(cc1)Cl	OSM S4	OSM-S-274	MMV670250
0.832	0	M	n1(CCc2ccccc2F)c3c(nc4c(cccc4)n3)c(C(=O)NCC(C)C)c1N	Mbox		MMV396744
0.8355	0	M	Cc1nc2ccccc2c(O)c1CC=C(Cl)Cl	Mbox		MMV665994
0.838	0	M	Clc1ccc(cc1Cl)C(=O)Nc2ccc(cc2)c3nc4ccccc4[nH]3	Mbox		MMV665840
0.8392			c1ncc2n(c1Oc1ccc3c(c1)cc(c(c3)F)F)c(nn2)c1ccc(cc1)OC(F)F	OSM S4		MMV672940
0.842	0	M	Nc1ccc(cc1)c2nc3cc(Oc4ccc(Oc5ccc6[nH]c(nc6c5)c7ccc(N)cc7)cc4)ccc3[nH]2	Mbox		MMV011895
0.843	0	M	CCCCNCC(O)(c1ccc(Cl)cc1)c2ccc(Cl)cc2	Mbox		MMV665929
0.845	0	M	COc1ccc(cc1)C2Sc3ccccc3N=C4C2=C(O)c5ccccc45	Mbox		MMV000563
0.846	0	M	Clc1ccc2OC(=O)C=C(NC3CCN(CCCc4ccccc4)CC3)c2c1	Mbox		MMV665786
0.85			c1ncc2n(c1OCCc1cc(c(cc1)F)F)c(nn2)Nc1cc(c(cc1)F)F	OSM S4		MMV669006
0.854	0	M	n1c(NCCO)c2c(cccc2)nc1Nc3cccc(OC)c3	Mbox		MMV011944
0.871	0	M	CC(=O)Nc1nnc(SCc2c(C)cc(cc2C)C(C)(C)C)s1	Mbox		MMV020700
0.8755	0	M	CN(C)CCCNCc1oc(cc1)c2ccc(F)c(Cl)c2	Mbox		MMV020505
0.89	0	M	C12=C(c3c(cccc3)C1=O)Nc4c(cccc4)SC2c5ccccc5	Mbox		MMV645672
0.8905	0	M	Clc1ccc(cc1)S(=O)(=O)N2CCC(CC2)C(=O)NCc3occc3	Mbox		MMV006188
0.893	0	M	OC(CN1C(=N)N(CCN2CCCCC2)c3ccccc13)c4cccc(Br)c4	Mbox		MMV665902
0.898	0	M	c1(sc(cc2c(c3CC2)c4ccc3)c4n1)NC(=O)c(cc5OC)cc(OC)c5OC	Mbox		MMV396665
0.9018	0.5	B	O=C(NC1=C(F)C(Cl)=CC=C1)C2=CN=CC(N23)=NN=C3C4=CC=C(OC(F)F)C=C4	OSM S4	OSM-S-204	MMV675946
0.906	0	M	CC1=CC(=O)Oc2c1ccc3oc(C(=O)c4ccc(C)cc4)c(C)c23	Mbox		MMV086103
0.912	0	M	COc1ccc(OC)c(c1)C2C3=C(CC(C)(C)CC3=O)N(C4=C2C(=O)CC(C)(C)C4)c5ccc(Cl)c(Cl)c5	Mbox		MMV007208
0.916	0	M	c([nH]nc1c2c(O)cc(C)c(Cl)c2)(C3=O)c1C(c4ccccc4F)N3CCc(cc5)ccc5OC	Mbox		MMV396717
0.927	0	M	COc1cc2cc(C(=O)Nc3ccccc3)c(N)nc2cc1OC	Mbox		MMV006767
0.928	1	M	C12(Nc(cccc3)c3c4n1c5c(cccc5)n4)C(=O)Nc(ccc(OC)c6)c26	Mbox		MMV396749
0.928	1	C	FC(F)OC(C=C1)=CC=C1C2=NN=C3C=NC=C(OCCC4=CC=C(OC)C=C4)N32	OSM S4	OSM-S-384	MMV897712
0.929	0	M	c1(c(cnn1c2cccc(C)c2)C(=O)N3)N=C3n4nc(C)cc4NC(=O)c5cc(cccc6)c6o5	Mbox		MMV403679
0.93	0.5	Lit	O=C1C2=CC=CC=C2[C@@H](C(NC3=CC(C#N)=C(F)C=C3)=O)[C@H](C4=CN=CC=C4)N1CC(F)(F)F	Guy		
0.9345	0	M	COc1ccc(cc1CN2CCN(CC2)c3ccc(F)cc3)C4NCCc5c4[nH]c6ccccc56	Mbox		MMV019690
0.939	0	M	Brc1ccc(cc1)S(=O)(=O)N2CCC(CC2)C(=O)NCc3occc3	Mbox		MMV007430
0.939	0	M	N1C(c2cccc(cccc3)c23)C(CC=C4)C4c5c1c(Cl)ccc5C(OC)=O	Mbox		MMV667489
0.941	0	M	CCOc1ccc(cc1)C2N(C)c3ccccc3N2C	Mbox		MMV075490
0.944	0	M	Clc1ccc2c(ccnc2c1)N3CCCC3	Mbox		MMV007363
0.9465	0	M	CC(C)(C)c1ccc(cc1)C2CC(=C3C(N(C(=O)c4ccccc4Cl)c5ccccc5N=C3C2)c6ccc(F)cc6)O	Mbox		MMV011436
0.947	0	M	Cc1ccc(Cn2c(nc3ccccc23)N4CCC(CC4)C(=O)NCc5cccs5)cc1	Mbox		MMV007564
0.959	0	M	n12c(nc(c3ccc(Cl)s3)cc1C(F)(F)F)cc(C(=O)NC(CC4)CCN4Cc5ccccc5)n2	Mbox		MMV396635
0.959	0	M	n1(nc(C)cc1NC(=O)c(cccc2C(F)(F)F)c2)c3scc(c(ccc(OCO4)c45)c5)n3	Mbox		MMV396681
0.969	0	M	COc1ccc2nc(C)cc(Nc3cccc(O)c3)c2c1	Mbox		MMV008212
0.994	0	M	CN1C(N(C)c2ccccc12)c3ccc4OCOc4c3	Mbox		MMV666009
0.995	0	M	Clc1ccc(C=CC2=NC(=O)c3ccccc3O2)cc1	Mbox		MMV007977
1	0	M	n1c(N)c2c(cccc2)nc1Nc3cccc(F)c3	Mbox		MMV080034
1	0	M	CCN1C(=Nc2ccccc2C1=O)SCC(=O)Nc3cc(ccc3Cl)C(F)(F)F	Mbox		MMV666103
1.005	0	M	CC1CC2=C(CC1CNCCCN(C)C)C(C)(C)CCC2	Mbox		MMV665830
1.01	0	M	n(CC(CNCCOC)O)(c1c2cc(Cl)cc1)c3c2cc(Cl)cc3	Mbox		MMV019017
1.01	0	M	Clc1ccc2nc(cc(C(=O)NC3CCN(Cc4ccccc4)CC3)c2c1)c5cccnc5	Mbox		MMV020490
1.01	0	M	n12c(cc(C(C)(C)C)n1)nc(CCN3Cc4ccccc4OCC)c(C3)c2O	Mbox		MMV396595
1.01	0	M	O=C(Nc1cccc(c1)C2=NCCN2)Nc3cccc(c3)C4=NCCN4	Mbox		MMV665810
1.01	0	M	Oc1c(ccc2cccnc12)C(Nc3ccccn3)c4cccc(Oc5ccccc5)c4	Mbox		MMV665814
1.014			C12=NN=C(C3=CC(OCO4)=C4C=C3)N1C(OCCC5=CC=CC=C5)=CN=C2	OSM S4	OSM-S-296	MMV689972
1.015	0	M	Cc1ccnc(NC(c2cccc(OCc3ccccc3)c2)c4ccc5cccnc5c4O)c1	Mbox		MMV000720
1.02	0	M	Clc1ccc2nc(cc(C(=O)NC3CCN(Cc4ccccc4)CC3)c2c1)c5ccncc5	Mbox		MMV020275
1.02	0	M	c1(C(c(cccn2)c2)N3CCC(CC3)Cc4ccccc4)c(C)c(C)sc1NC(=O)c5ccco5	Mbox		MMV396663
1.03	0	M	c1(cc(Br)ccc1O)CN(CC2)CCN2Cc3cccc(F)c3	Mbox		MMV000356
1.03	0	M	CC(Oc1ccc(NC(=O)c2cccs2)cc1)C(=O)c3ccc(Cl)cc3	Mbox		MMV665886
1.033			C12=CC=CC=C1C3=C(C4(CCN(CC5=CC=CC=C5)CC4)OCC3)N2	OSTB	OSM-S-194	
1.04	0	M	C1(=NC(C)(Cc(cc(OC)c(OC)c2)c23)C)C3=NNC1=O	Mbox		MMV084940
1.05	0	M	c1(OCC)c(OC)cc(cc1Cl)CN([H])CC(O)c2ccccc2	Mbox		MMV396632
1.06	0	M	CCOc1ccc(Nc2c3ccccc3nc4ccccc24)cc1	Mbox		MMV000304
1.06	0	M	c12c(nc(c3ccc(OC)cc3)nc1N4CCN(C(=O)C5CCCCC5)CC4)sc(CCCC6)c26	Mbox		MMV396594
1.06	0	M	n(CC(CNCC1CCCO1)O)(c2c3cc(Cl)cc2)c4c3cc(Cl)cc4	Mbox		MMV396736
1.06	0	M	COc1ccc(CNC(=O)C2=CC3=C(N=C4C=CC=CN4C3=O)N(CCc5ccccc5)C2=N)cc1	Mbox		MMV665881
1.06	0	M	COc1ccc(cc1)C(=O)C2CC2c3ccc(Cl)cc3	Mbox		MMV665924
1.06			c1ncc2n(c1C(=O)N(Cc1cc(ccc1)Cl)C)c(nn2)c1ccc(cc1)OC(F)F	OSM S4		MMV669105
1.06			O=C(NC1=CC(Cl)=CC=C1C)C2=CN=CC(N23)=NN=C3C4=CC=C(OC)C=C4	OSM S4	OSM-S-257	MMV675952
1.061	0	M	Brc1ccc(Nc2nc3ccccc3nc2Nc4ccc(Br)cc4)cc1	Mbox		MMV007224
1.07	0	M	n1c(cc(C)nc1Nc(cc2)ccc2NC(CCc3ccccc3)=O)N4CCCC4	Mbox		MMV396669
1.07	0	M	c1ccc(cc1)c2ccc(cc2)c3nc4ccccc4[nH]3	Mbox		MMV665891
1.07	0	M	Brc1ccc(cc1)c2cc3C(=O)c4ccccc4c3nn2	Mbox		MMV665934
1.07	0	M	O=C(NC1CCCCC1)C(N(CCc2ccccc2)C(=O)c3occc3)c4cccs4	Mbox		MMV666106
1.075	0	M	O=C(Nc1ccc(cc1)N2CCN(Cc3ccccc3)CC2)c4cccs4	Mbox		MMV019670
1.08	0	M	OC(CNCc1ccccc1)Cn2c3ccccc3c4ccccc24	Mbox		MMV000839
1.08	0	M	COc1ccc(CN2CCN(Cc3ccccc3)CC2)c(O)c1	Mbox		MMV665944
1.0895	0	M	COc1cc(OC)cc(c1)C(=O)Nc2ccc(cc2)c3nc4ccccc4[nH]3	Mbox		MMV019124
1.09	1	M	COc1cccc(NC(=O)Cn2c(C)c(C#N)c3ccccc23)c1	Mbox		MMV665826
1.1	0	M	c1(Nc(cc2)ccc2N(CC3)CCN3C)c4c(ccc(OC)c4)ncc1C(OCC)=O	Mbox		MMV000704
1.109	0	M	CCCN1C(=N)C(=CC2=C1N=C3N(C=CC=C3C)C2=O)C(=O)NC4CCCCC4	Mbox		MMV008829
1.11	0	M	COc1ccc(cc1)N2CCN(CC2)C(CNC(=O)C3CCCCC3)c4ccc5OCOc5c4	Mbox		MMV019662
1.12	0	M	Cc1ccccc1OCCSc2nc3ccc(NC(=O)c4ccccc4)cc3s2	Mbox		MMV007577
1.121			[C@H]1([C@@H](N(C1=O)C1CC1)c1cc(c(cc1)F)F)Oc1cncc2n1c(nn2)c1ccc(cc1)OC(F)F	OSM S4		MMV671934
1.132	0	M	CC1CCN(Cc2c(O)ccc3C=C(C(=O)Oc23)c4nc5ccccc5s4)CC1	Mbox		MMV009127
1.135	0	M	CCCCCCN1C(=N)N(CC(O)COc2cccc(C)c2)c3ccccc13	Mbox		MMV000445
1.14	0	M	COc1nc(Nc2ccc(cc2)C(C)C)nc(OC)n1	Mbox		MMV007808
1.14	0	M	Oc1ccc2ccccc2c1C(NC(=O)Cc3ccccc3)c4ccc(Cl)cc4	Mbox		MMV665972
1.14	0	M	Clc1ccc(cc1)C2(CN3CCC(CC3)NC(=O)CCc4occc4)CCC2	Mbox		MMV666108
1.15	0	M	n1c(N(C)C)cc(C)nc1Nc(cc2)ccc2NC(=O)Nc3ccccc3	Mbox		MMV020243
1.15	1	M	n1(c2c(cccc2)n3)c3c4c(cccc4)NC1(C)c5cccc(OC)c5	Mbox		MMV396719
1.16	0	M	c1(C#N)nc(Cc2cccc(cccc3)c23)oc1N(CC4)CCN4C(c5ccccc5)c6ccccc6	Mbox		MMV396726
1.16	0	M	c1(Cl)c(ccc(Cl)c1)OCC(O)CNC(C)(C)CC(C)(C)C	Mbox		MMV396794
1.16	0	M	Clc1ccc(NC(=O)Nc2ccc(Cl)c(Cl)c2)cc1Cl	Mbox		MMV665852
1.16	0	M	CC(=CCN1CCC(CC1)C(=O)Nc2ccc(cc2)c3nc4ccccc4[nH]3)C	Mbox		MMV665946
1.17	0	M	Cc1ccc2nc(C)cc(Nc3cccc(c3)C(F)(F)F)c2c1	Mbox		MMV000326
1.17	0	M	Oc1c(ccc2cccnc12)C(NC(=O)c3ccccc3)c4ccccc4	Mbox		MMV666080
1.175	0	M	CCOC(=O)C1CCN(CC1)C(=O)CN2C(c3ccccc3C2=O)c4c[nH]c5ccccc45	Mbox		MMV011576
1.18	1	M	COc1ccc(cc1)C2C(C(=O)Nc3cccc(OC)c3)c4ccccc4C(=O)N2C5CCCCC5	Mbox		MMV008455
1.18	0	M	COc1cc(cc(OC)c1O)c2nc(c3ccccc3)c([nH]2)c4ccccc4	Mbox		MMV020750
1.18	0	M	c1(C(c2cccs2)N(CCN3c4ccccc4)CC3)c(C)c(C)sc1NC(c5ccccc5)=O	Mbox		MMV396652
1.19	0	M	CCOC(=O)c1cnc2ccc(Cl)cc2c1NCCCN(C)C	Mbox		MMV006882
1.19	0	M	c12c(ncnc1N(CC3)CCN3C)c4c(ccc(Cl)c4)[nH]2	Mbox		MMV396704
1.19	0	M	CCCc1c(C)nc2ccc(Br)cc2c1O	Mbox		MMV666095
1.19	0	M	COCCN(C(C(=O)NCc1ccc(OC)cc1)c2ccc(cc2)C(C)C)C(=O)Cc3cccs3	Mbox		MMV666105
1.19	0	M	C1(N(C)N=O)=C(NC2CCCCC2)C(=O)c(cccc3)c3C1=O	Mbox		MMV667492
1.2	0	M	CCOc1ccc(CN2CCN(CC(O)COc3ccc(OCC(O)CN4CCN(Cc5ccc(OCC)cc5)CC4)cc3)CC2)cc1	Mbox		MMV007092
1.2			O=C(/C(S/1)=C/C2=C(C)NC(C)=C2)NC1=N\C3=CC=CC=C3	OSM S1	OSM-S-108	
1.2			O=C(/C(S/1)=C/C2=C(C)N(C3=CC=CC=C3)C(C)=C2)NC1=N\C4=CC(O)=CC=C4	OSM S1	OSM-S-114	
1.2015			O=C(/C(S/1)=C/C2=C(C)N(C(C)=C2)C3=CC=C(C#N)C=C3)NC1=N\C4=CC=CC=C4	OSM S1	OSM-A-2	
1.22	0	M	COc1cc(cc(OC)c1OC)C(=O)Nc2ccc(cc2)c3nc4ccccc4[nH]3	Mbox		MMV665898
1.23	0	M	C12=C(N=CN(CCCN(C)C)C1=N)Oc3c(ccc(cccc4)c34)C2c5ccc(OC)cc5	Mbox		MMV667491
1.24	1	M	COc1ccc2C3CC(=Nc4ccccc4N3C(=O)c2c1OC)c5ccc(C)cc5	Mbox		MMV000917
1.24	0	M	c1(OCC)c(OCC)cc(cc1Cl)CN([H])C(C)C(O)c2ccccc2	Mbox		MMV396633
1.24	0	M	N1(CC(=O)c(ccc(Cl)c2Cl)c2)c3c(cccc3)N(CCN4CCCCC4)C1=N	Mbox		MMV396723
1.26	0	M	CC(C)c1ccc(CNCC(O)c2ccccc2)cc1	Mbox		MMV001049
1.26	1	M	OC(Cn1nnc2ccccc12)Cn3c4ccc(Br)cc4c5cc(Br)ccc35	Mbox		MMV666025
1.27	0	M	COc1cc2CCN(C)C3Cc4ccc(Oc5cc(CC6N(C)CCc7cc(OC)c(OC)c(Oc1cc23)c67)ccc5O)cc4	Mbox		MMV007474
1.29	0	M	Cc1nc2ccccc2c(O)c1CC=C	Mbox		MMV006913
1.3	0	M	COc1cccc(c1)c2nn(C)c3sc(cc23)C(=O)NCCN4CCN(CC4)c5ccccc5F	Mbox		MMV019064
1.31	0	M	Cc1ccc2cc3c(N)c4c(C)ccc(C)c4nc3nc2c1	Mbox		MMV666079
1.32	1	M	CCOc1ccccc1CNC(=O)C2C(N(CC(C)C)C(=O)c3ccccc23)c4cccs4	Mbox		MMV000653
1.33	0	M	CCOc1cc(cc(Cl)c1O)C2NCCc3cc(OCC)c(OCC)cc23	Mbox		MMV000481
1.33	0	M	Cc1ccc(C)c(Cn2c(nc3ccccc23)N4CCC(CC4)C(=O)NCc5cccs5)c1	Mbox		MMV019741
1.33	0	M	Cc1ccc(Cl)cc1N2CCN(CCCNC(=O)C3CCN(CC3)c4nc5ccccc5[nH]4)CC2	Mbox		MMV019746
1.33	0	M	c(n1)(nc(NNC(=O)c(cc2)ccc2)cc1N(CCC3)C3)N(C4)CCC4	Mbox		MMV396770
1.34			c1ncc2n(c1C(NCc1ccc(cc1)Cl)=O)c(nn2)c1ccc(cc1)OC(F)F	OSM S4	OSM-S-178	MMV669001
1.36	0	M	Brc1ccc(cc1)c2oc(cc2)C(=O)Nc3ccc(CN4CCOCC4)cc3	Mbox		MMV665901
1.36	0	M	Brc1ccccc1C(=O)Nc2nc(cs2)c3ccccn3	Mbox		MMV665909
1.36			c1ncc2n(c1C(=O)N[C@@H](c1ccccc1)C)c(nn2)c1ccc(cc1)OC(F)F	OSM S4	OSM-S-186	MMV669024
1.37	1	M	CCOc1cc(Cl)c(cc1OCC)C(C)NC(=O)c2ccccc2	Mbox		MMV665800
1.38	0	M	CCCCC(O)(C(CN1CCOCC1)c2ccc(Cl)cc2)c3ccc(Cl)cc3	Mbox		MMV000619
1.39	0	M	c12c(C(=O)N(C)C(=O)N1C)n(Cc3cccc(OC)c3)c(Oc4ccccc4)n2	Mbox		MMV396705
1.42	0	M	Nc1ccc(cc1)c2nc3cc(Cc4ccc5[nH]c(nc5c4)c6ccc(N)cc6)ccc3[nH]2	Mbox		MMV665943
1.43	0	M	CCCN(CCC)CCCNC(=O)c1cc2c(nn(C)c2s1)c3ccc(OC)c(OC)c3	Mbox		MMV000561
1.43	0	M	c1(N(CC2)CCN2C)c3c(nc(Nc(ccc4O)cc4)n1)cccc3	Mbox		MMV000986
1.43	0	M	COc1cc(OC)cc(c1)N2C(=O)N(Cc3ccc(cc3)C(C)(C)C)c4ccccc4S2(=O)=O	Mbox		MMV008173
1.43	1	M	CCOc1cc(Br)c(cc1OCC)C(C)NC(=O)c2cccc(OC)c2	Mbox		MMV665796
1.43	0	M	COc1ccc(CCN2CCC(CN(C)Cc3cnn(c3)c4ccccc4)CC2)cc1	Mbox		MMV666069
1.459			c1ncc2n(c1OCC1CCc3c1ccc(c3)Cl)c(nn2)c1ccc(cc1)OC(F)F	OSM S4		MMV672726
1.51	0	M	CCOC(=O)C1=C(C)N=C2SC(=Cc3ccccc3O)C(=O)N2C1c4ccc(OC)c5ccccc45	Mbox		MMV666604
1.599			C12=NN=C(C3=CC=CC=C3)N1C(OCCC4=CC=CC=C4)=CN=C2	OSM S4	OSM-S-294	MMV689970
1.6			c1ncc2n(c1C(=O)N[C@H](c1ccccc1)C)c(nn2)c1ccc(cc1)OC(F)F	OSM S4		MMV669021
1.6			O=C(/C(S/1)=C/C2=C(C)N(C3=CC=C(OC)C=C3)C(C)=C2)NC1=N\C4=CC(O)=CC=C4	OSM S1	OSM-S-112	
1.629			c1ncc2n(c1Oc1cc3c(cc1)ccc(n3)C(F)(F)F)c(nn2)c1ccc(cc1)OC(F)F	OSM S4		MMV672620
1.636		 	FC(F)OC(C=C1)=CC=C1C2=NN=C3C=NC=C(OCC4=CC=C(Cl)C=C4)N32	OSM S4	OSM-S-348	
1.668			c1ncc2nnc(n2c1OCc1cccc2c1cccc2)c1ccc(cc1)OC(F)F	OSM S4		MMV672688
1.67			c1ncc2n(c1Oc1cc3nc(ccc3cc1)OC)c(nn2)c1ccc(cc1)OC(F)F	OSM S4		MMV672989
1.705	0	M	CCOc1ccc(cc1)n2cc(c3ccccc3)c4c(SCc5cc(C)ccc5C)ncnc24	Mbox		MMV085471
1.72	0	M	O=C(NCC1Cc2cccc(c2O1)c3ccncc3)c4csc5CCCCc45	Mbox		MMV665954
1.73	1	M	n1(c2c(cccc2)n3)c3c4c(cccc4)NC1(C)c5ccccc5	Mbox		MMV396715
1.75	0	M	CC(CCC(=C)C)N1CCC(CC1)N2CCC(CC2)C(=O)NCCc3ccccc3	Mbox		MMV666110
1.79	1	M	CC(C)c1ccc(Cn2c(CCNC(=O)C)nc3ccccc23)cc1	Mbox		MMV007617
1.79	0	M	COc1cc(CNCCc2ccc(Cl)cc2)cc(OC)c1O	Mbox		MMV128432
1.79	0	M	C12=C(N=CN(CCCn(ccn3)c3)C1=N)Oc4c(ccc(cccc5)c45)C2c6ccc(OC)c(OC)c6	Mbox		MMV667490
1.8			O=C(/C(S/1)=C/C2=C(C)N(C3=CC=CC=C3)C(C)=C2)NC1=N\C4=CC=C(O)C=C4	OSM S1	OSM-S-115	
1.822			c1ncc2n(c1Oc1ccc/3c(c1)OC(/C=C3/C)(C)C)c(nn2)c1ccc(cc1)OC(F)F	OSM S4		MMV672622
1.86	0	M	CCN1CCN(CC1)c2cc(C)c3cc(NC(=O)c4ccc(OC)c(OC)c4)ccc3n2	Mbox		MMV019074
1.928			c1ncc2n(c1Oc1ccc3c(c1)onc3C)c(nn2)c1ccc(cc1)OC(F)F	OSM S4		MMV672621
1.945	0	M	Clc1ccc(Cl)c(c1)c2oc(cc2)C(=O)Nc3ccc(CN4CCOCC4)cc3	Mbox		MMV020651
1.983			c1cc(cc2c1n(cc2)C)Oc1cncc2n1c(nn2)c1ccc(cc1)OC(F)F	OSM S4		MMV672618
1.995	1	C	FC(F)OC(C=C1)=CC=C1C2=NN=C3C=NC=C(OCCCC45C6C7C4C8C5C6C87)N32	OSM S4	OSM-S-370	MMV897699
2	0	M	COc1ccc2nc(C)cc(Nc3ccc(Cl)cc3)c2c1	Mbox		MMV007875
2			c1ncc2n(c1N1CCC(C1)c1ccccc1)c(nn2)c1ccc(cc1)OC(F)F	OSM S4		MMV668957
2			FC(F)Oc1ccc(cc1)c3nnc4cncc(OCC(N)c2ccccc2)n34	OSM S4	OSM-S-283	MMV688899
2.025			c1ncc2n(c1Oc1ccc3c(c1)cnc(n3)C(F)(F)F)c(nn2)c1ccc(cc1)OC(F)F	OSM S4		MMV672730
2.05			c1ncc2nnc(n2c1OCCc1ccc(c(c1)F)F)N1CCc2c1ccc(c2)F	OSM S4		MMV670249
2.06	0	M	Fc1ccc(NC(=O)Nc2ccc(Cl)c(Cl)c2)cc1Cl	Mbox		MMV665953
2.239	0.5	C	FC(F)OC(C=C1)=CC=C1C2=NN=C3C=NC=C(OCC4=CC=CC=C4)N32	OSM S4	OSM-S-368	MMV897697
2.3			O=C(/C(S/1)=C/C2=C(C)N(C3=CC=C([N+]([O-])=O)C=C3)C(C)=C2)NC1=N\C4=CC(O)=CC=C4	OSM S1	OSM-S-110	
2.3			CC1=CC(/C=C(S/2)/C(NC2=N\C3=CC=CC=C3)=O)=C(C)N1C4=CC=C(N)C=C4	OSM S1	OSM-S-138	
2.4535			O=C(/C(S/1)=C/C2=C(C)N(C(C)=C2)C3=CC=C(I)C=C3)NC1=N\C4=CC=CC=C4	OSM S1	OSM-A-4	
2.5			ClC1=CC=CC(C2=NN=C3N2C(OCCC4=CC=CC=C4)=CN=C3)=C1	OSM S4	OSM-S-292	MMV689969
2.581			c1ncc2n(c1Oc1cc3c(cc1)CCCC3)c(nn2)c1ccc(cc1)OC(F)F	OSM S4		MMV671649
2.63			c1ncc2n(c1OCCc1cc(c(cc1)F)F)c(nn2)N1CCCCC1	OSM S4		MMV669009
2.96			c1ncc2n(c1Oc1ccc(cc1)Cl)c(nn2)c1ccc(cc1)OC(F)F	OSM S4		MMV669784
3.066			c1ncc2n(c1Oc1cccc(c1)Cl)c(nn2)c1ccc(cc1)OC(F)F	OSM S4		MMV670935
3.17			c1ncc2n(c1C(=O)NCCc1ccccc1)c(nn2)c1ccc(cc1)OC(F)F	OSM S4		MMV669027
3.446			c1(ncc2n(c1)c(nn2)c1ccc(cc1)OC(F)F)Oc1ccc(c(c1)F)F	OSM S4		MMV671926
3.5			FC(C(F)=C1)=CC=C1CCOC2=CC=CC3=NN=C(C4=CC=C(C#N)C=C4)N32	OSM S4		
3.56			c1ncc2n(c1C(N1C(CCC1)c1ccccc1)=O)c(nn2)c1ccc(cc1)OC(F)F	OSM S4	OSM-S-183	MMV669104
3.7145			O=C(/C(S/1)=C/C2=C(C)N(C(C)=C2)C3=CC=C(S(=O)(N)=O)C=C3)NC1=N\C4=CC=CC=C4	OSM S1	OSM-A-1	
3.74			c1ncc2nnc(n2c1C(Nc1ccc(cc1)F)=O)c1ccc(cc1)OC(F)F	OSM S4		MMV669849
4	0	M	CN(C)CCNc1cc(nc2ccccc12)c3ccccc3	Mbox		MMV006704
4	0	M	CCCCc1c(C)nc2c(OC)cccc2c1O	Mbox		MMV006820
4	0	M	CCOc1ccc2nc(C)cc(Nc3ccc(cc3)N(C)C)c2c1	Mbox		MMV007020
4	0	M	Cc1ccc2c(C)nc(Nc3nc(C)cc(n3)c4ccccc4)nc2c1	Mbox		MMV007041
4	0	M	CCOc1ccc(Nc2ccnc3cc(Cl)ccc23)cc1	Mbox		MMV007285
4	0	M	CCc1ccc(Nc2cc(C)nc3nc(C)nn23)cc1	Mbox		MMV007374
4	0	M	CN1CCN(CC1)c2c3CCCc3c(C#N)c4nc5ccccc5n24	Mbox		MMV008127
4	0	M	Cc1ccc(Nc2nc(N)c3ccccc3n2)cc1Cl	Mbox		MMV011522
4	0	M	COc1cccc(Nc2nc(N)c3ccccc3n2)c1	Mbox		MMV019199
4	0	M	COc1cc(SC)ccc1C(=O)N2CCCC(C)C2	Mbox		MMV056726
4.01			c1[n+](cc2n(c1OCCc1cc(c(cc1)F)F)c(nn2)c1ccc(cc1)OC(F)F)[O-]	OSM S4		MMV668822
4.1			CC(N1C2=CC(F)=CC=C2)=CC(/C=C(C(N/3C4=CC=CC=C4)=O)\SC3=N/C5=CC=CC=C5)=C1C	OSM S1	OSM-L-1	
4.13			C=1\NC(c2n(/C1/OCCc1cc(c(cc1)F)F)c(nn2)c1ccc(cc1)OC(F)F)=O	OSM S4		MMV669025
4.2154	0.5	B	OC(C1=CC=CC=C1)COC2=CN=CC3=NN=C(C4=CN=C(C(F)(F)F)C=C4)N32	OSM S4	OSM-S-278	MMV688895
4.5956	0	B	O=C(NC1=C(C)C(Cl)=CC=C1)C2=CN=CC(N23)=NN=C3C4=CC=C(OC(F)F)C=C4	OSM S4	OSM-S-201	MMV675718
4.8			FC(C=C1)=CC=C1N2C(C)=CC(CNC3CCN(CC4=CC=CC=C4)CC3)=C2C	OSM S1	OSM-S-95	
4.801	0	C	FC(F)OC(C=C1)=CC=C1C2=NN=C3C=NC=C(OC(C)C4=CC=C(C#N)C=C4)N32	OSM S4	OSM-S-386	MMV897714
4.96			N1(CC(C1)Oc1cc(c(cc1)F)F)c1cncc2n1c(nn2)c1ccc(cc1)OC(F)F	OSM S4		MMV669008
5			OC(COc2cncc3nnc(C1CCCCC1)n23)c4ccccc4	OSM S4	OSM-S-275	MMV688892
5			OC(COc2cncc3nnc(c1ccccc1)n23)c4ccccc4	OSM S4	OSM-S-277	MMV688894
5			ClC(C=CC=C1)=C1C2=NN=C3N2C(OCCC4=CC=CC=C4)=CN=C3	OSM S4	OSM-S-291	MMV689968
5			FC1=CC(C2=NN=C3N2C(OCCC4=CC=CC=C4)=CN=C3)=CC(F)=C1	OSM S4	OSM-S-295	MMV689971
5			FC(OC(C=C1)=CC=C1C2=NN=C3N2C(OCC4=NC=CC=C4)=CN=C3)F	OSM S4	OSM-S-301	MMV689977
5.2			ClC(C=CC=C1)=C1CCOC2=CC=CC3=NN=C(C4=CC=C(C#N)C=C4)N32	OSM S4		
5.576			c1ncc2n(c1C(=O)Nc1ccc(cc1Cl)F)c(nn2)c1ccc(cc1)OC(F)F	OSM S4		MMV671654
5.66			O=C(NC1=C(F)C(Cl)=CC=C1)C2=CN=CC(N23)=NN=C3C4=CC=C(OC)C=C4	OSM S4	OSM-S-256	MMV675951
6.038			c1ncc2n(c1Oc1cccc(c1)Oc1ccccn1)c(nn2)c1ccc(cc1)OC(F)F	OSM S4		MMV672725
6.203			c1ncc2n(c1Oc1ccc3c(c1)nn(c3)C)c(nn2)c1ccc(cc1)OC(F)F	OSM S4		MMV672686
6.721			c1ncc2n(c1n1ncc(c1)c1cc(c(cc1)F)F)c(nn2)c1ccc(cc1)OC(F)F	OSM S4		MMV671653
6.779			c1(ccc2n(n1)c(nn2)c1ccc(cc1)OC(F)F)OCCc1cc(c(cc1)F)F	OSM S4		MMV672939
6.8			N#CC(C=C1)=CC=C1C2=NN=C3C=CC=C(OCCC4=CC=CC=C4)N32	OSM S4		
6.86			c1nc(c2n(c1OCCc1cc(c(cc1)F)F)c(nn2)c1ccc(cc1)OC(F)F)N(CC)CC	OSM S4		MMV669102
6.92			c1nc(c2n(c1OCCc1cc(c(cc1)F)F)c(nn2)c1ccc(cc1)OC(F)F)C	OSM S4		MMV669541
8.1938	0	A,B	O=C(NC1=CC=C(Cl)C=C1)C2=CN=CC3=NN=C(C4=CC=C(OC(F)F)C=C4)N32	OSM S4	OSM-S-367	MMV670246
8.37			C1NCc2n(C1CCO)c(nn2)c1ccc(cc1)OC(F)F	OSM S4		MMV668955
8.586	1	C	FC(F)OC(C=C1)=CC=C1C2=NN=C3C=NC=C(OC(C)C4=CC=C(F)C(F)=C4)N32	OSM S4	OSM-S-385	MMV897713
8.76			c1(ccccc1)CCCC1CNCc2n1c(nn2)c1ccc(cc1)OC(F)F	OSM S4		MMV669310
9.4			CC1=CC(=C(C)[N]1C2=CC=C(C=C2)F)C(=O)OCC(=NC)O	OSM S1	OSM-S-82	
9.635			c1ncc2n(c1Nc1ccc(c(c1)Cl)Cl)c(nn2)c1ccc(cc1)OC(F)F	OSM S4		MMV670934
10			c1ncc2n(c1CCO)c(nn2)c1ccc(cc1)OC(F)F	OSM S4		MMV668824
10			c1ncc2n(c1OCCc1cc(c(cc1)F)F)c(nn2)C1CCOCC1	OSM S4		MMV668959
10			C1NCc2n(C1)c(nn2)c1ccc(cc1)OC(F)F	OSM S4		MMV668960
10			c1ncc2n(c1OCCc1cc(c(cc1)F)F)c(nn2)C1CCN(CC1)C(C)=O	OSM S4		MMV668961
10			C1N(Cc2n(C1)c(nn2)c1ccc(cc1)OC(F)F)C(CN)=O	OSM S4		MMV668962
10	0	A	O=C(N1CC(C=CC=C2)=C2C1)C3=CN=CC4=NN=C(C5=CC=C(OC(F)F)C=C5)N43	OSM S4	OSM-S-177	MMV669000
10			c1ncc2n(c1C(NCC1CCOCC1)=O)c(nn2)c1ccc(cc1)OC(F)F	OSM S4	OSM-S-179	MMV669003
10			c1ncc2n(c1C(N1CCN(CC1)c1ncccc1)=O)c(nn2)c1ccc(cc1)OC(F)F	OSM S4	OSM-S-180	MMV669010
10			c1ncc2n(c1C(NCCN1CCOCC1)=O)c(nn2)c1ccc(cc1)OC(F)F	OSM S4	OSM-S-181	MMV669011
10			c1ncc2n(c1C(N1CCOCC1)=O)c(nn2)c1ccc(cc1)OC(F)F	OSM S4	OSM-S-185	MMV669020
10			c1ncc2n(c1C(N1CCCC1)=O)c(nn2)c1ccc(cc1)OC(F)F	OSM S4	OSM-S-182	MMV669022
10			c1ncc2n(c1C(N1CCN(CC1)S(=O)(C)=O)=O)c(nn2)c1ccc(cc1)OC(F)F	OSM S4	OSM-S-184	MMV669023
10			c1ncc2n(c1C(Nc1ncccc1)=O)c(nn2)c1ccc(cc1)OC(F)F	OSM S4		MMV669026
10			N(c1cncc2n1c(nn2)c1ccc(cc1)OC(F)F)S(Cc1ccc(cc1)C(F)(F)F)(=O)=O	OSM S4		MMV669103
10			c1(CCN2CCOCC2)cncc2n1c(nn2)c1ccc(cc1)OC(F)F	OSM S4		MMV669305
10			c1nc(c2n(c1OCCc1cc(c(cc1)F)F)c(nn2)c1ccc(cc1)OC(F)F)N	OSM S4		MMV669311
10			c1ncc2n(c1CCN1Cc3c(C1)cccc3)c(nn2)c1ccc(cc1)OC(F)F	OSM S4		MMV669312
10			N1(CC(C1)c1ccccc1)c1cncc2n1c(nn2)c1ccc(cc1)OC(F)F	OSM S4		MMV669353
10			c1(C(NCc2cncc3n2c(nn3)c2ccc(cc2)OC(F)F)=O)cc(ccc1)Cl	OSM S4		MMV669544
10	1	B	FC1=C(F)C=CC(C(N(C)C)COC2=CN=CC3=NN=C(C4=CC=C(C#N)C=C4)N32)=C1	OSM S4	OSM-S-378	MMV670437
10	0	A	c1ncc2n(c1OCC(F)(F)F)c(nn2)c1ccc(cc1)OC(F)F	OSM S4		MMV670762
10			[C@H](COc1cncc2n1c(nn2)c1ccc(cc1)OC(F)F)(c1cc(c(cc1)F)F)NC	OSM S4		MMV670763
10			c1ncc2n(c1C(=O)N1CCc3c1ccc(c3)F)c(nn2)c1ccc(cc1)OC(F)F	OSM S4		MMV670768
10			c1(ncc2n(c1)c(nn2)c1ccc(cc1)OC(F)F)NCc1cc(c(cc1)F)F	OSM S4		MMV670949
10			c1(ncc2n(c1)c(nn2)c1ccc(cc1)OC(F)F)Nc1ccc(c(c1)F)F	OSM S4		MMV671655
10			c1ncc2n(c1n1ccnc1Cc1cc(c(cc1)F)F)c(nn2)c1ccc(cc1)OC(F)F	OSM S4		MMV671678
10			c1ncc2n(c1OCC(F)(F)F)c(nn2)c1c(n(nc1C)c1ccc(cc1)F)C	OSM S4		MMV671679
10	0	A	c1(ncc2n(c1)c(nn2)c1ccc(cc1)OC(F)F)NCCc1ccc(cc1)F	OSM S4		MMV671927
10			c1ncc2n(c1Oc1ccc(c(c1)Cl)Cl)c(nn2)c1c(n(nc1C)c1ccc(cc1)F)C	OSM S4		MMV671929
10			[C@H]1(C(N([C@@H]1c1cc(c(cc1)F)F)C1CC1)=O)Oc1ncc2n(c1)c(nn2)c1ccc(cc1)OC(F)F	OSM S4		MMV672619
10			c1ncc2n(c1Oc1ccc3c(c1)n(nc3)C)c(nn2)c1ccc(cc1)OC(F)F	OSM S4		MMV672623
10			c1ncc2n(c1C(=O)Nc1ccnc(c1)C(F)(F)F)c(nn2)c1c(nn(c1C)c1ccc(cc1)F)C	OSM S4		MMV672625
10			C1(CC1)(C(Oc1cncc2n1c(nn2)c1ccc(cc1)OC(F)F)C(F)(F)F)c1ccc(c(c1)F)F	OSM S4		MMV672626
10	0	A	c1(ncc2n(c1)c(nn2)c1ccc(cc1)OC(F)F)NC(Cc1cccc(c1)Cl)=O	OSM S4		MMV672990
10			c1(ccc2n(n1)c(nn2)c1ccc(cc1)C#N)NCCc1cnccc1	OSM S4		MMV672992
10			ClC1=CC=CC=C1CCOC2=CN=CC3=NN=C(C4=CC=NC=C4)N32	OSM S4	OSM-S-258	MMV675949
10			O=C(NC1=C(C)C(Cl)=CC=C1)C2=CN=CC(N23)=NN=C3C4=CC=C(OC)C=C4	OSM S4	OSM-S-255	MMV675950
10			O=C(NC1=CC(Cl)=CC=C1)C2=CN=CC(N23)=NN=C3C4=NC=CC=C4	OSM S4	OSM-S-262	MMV675961
10			O=C(NC1=CC(Cl)=CC=C1)C2=CN=CC(N23)=NN=C3C4=CN=CC=C4	OSM S4	OSM-S-263	MMV675962
10			OC(COc1cncc2nnc(CC)n12)c3ccccc3	OSM S4	OSM-S-276	MMV688893
10			FC(F)Oc1ccc(cc1)c2nnc3cncc(OC)n23	OSM S4	OSM-S-280	MMV688897
10			FC(F)OC(C=C1)=CC=C1C2=NN=C3C=NC=C(OC[C@H](NC)C4=CC=CC=C4)N32	OSM S4	OSM-S-281	MMV688898
10			FC1=CC(C2=NN=C3N2C(OCC4=NC=CC=C4)=CN=C3)=CC(F)=C1	OSM S4	OSM-S-298	MMV689974
10			C12=NN=C(C3=CC(OCO4)=C4C=C3)N1C(OCC5=NC=CC=C5)=CN=C2	OSM S4	OSM-S-299	MMV689975
10			C12=NN=C(C3=CC(C=CC=C4)=C4C=C3)N1C(OCC5=NC=CC=C5)=CN=C2	OSM S4	OSM-S-300	MMV689976
10	0	C	FC(F)OC(C=C1)=CC=C1C2=NN=C3C=NC=C(SCCC4=CC=CC=C4)N32	OSM S4	OSM-S-363	MMV693164
10	0	C	FC(F)OC(C=C1)=CC=C1C2=NN=C3C=NC=C(S(CCC4=CC=CC=C4)=O)N32	OSM S4	OSM-S-364	MMV693166
10	0	C	FC(F)OC(C=C1)=CC=C1C2=NN=C3C=NC=C(OCC4=CN(CC5=CC=CC=C5)N=N4)N32	OSM S4	OSM-S-372	MMV897701
10	0	C	FC(F)OC(C=C1)=CC=C1C2=NN=C3C=NC=C(OCC(N=N4)=CN4C5=CC=CC=C5)N32	OSM S4	OSM-S-373	MMV897702
10	0	C	FC(F)OC(C=C1)=CC=C1C2=NN=C3C=NC=C(OCC4=CN(C5=NC(Cl)=CN=C5)N=N4)N32	OSM S4	OSM-S-374	MMV897703
10	0	C	IC12C(C3C1C4C52)C5C34C6=NN=C7C=NC=C(OCCC8=CC(F)=C(F)C=C8)N76	OSM S4	OSM-S-375	MMV897704
10	0	C	OC1=CN=CC2=NN=C(N3CCCCC3)N21	OSM S4	OSM-S-388	MMV897705
10	0	C	FC(C=C1)=C(F)C=C1CCOC2=CN=CC3=NN=CN32	OSM S4	OSM-S-387	MMV897706
10	0	C	IC12C3C4C5(C3C1C5C24)C6=NN=C7C=NC=C(C(NC8=CC(C(F)(F)F)=NC=C8)=O)N76	OSM S4	OSM-S-382	MMV897710
11			CC(N1C2=CC=C(F)C=C2)=C(C(OC(C)C(N)=O)=O)C=C1C	OSM S1	OSM-S-116	
11.3			CC1=CC(=C(C)[N]1C2=CC=C(C=C2)F)C(=O)OCC(N(C)C)=O	OSM S1	OSM-S-91	
14.7			CC1=CC(=C(C)[N]1C2=CC=C(C=C2)Cl)CNC3CCN(CC3)CC(=NC)O	OSM S1	OSM-S-88	
24.7			CCN=C([C@@H]1C[C@H](CN1CC2=C(C)[N](C(=C2)C)C3=CC=CC=C3Cl)N)O	OSM S1	OSM-S-89	
50	0	A	CC(N1C2=CC=C(F)C=C2)=C(C(O)=O)C=C1C	OSM S1	OSM-S-4	
50			ClC1=CC=CC(N/N=C/C2=CC=C(C#N)C=C2)=N1	OSM S4		
50			ClC1=CC=CC2=NN=C(C3=CC=C(C#N)C=C3)N21	OSM S4		
50			ClC1=CC=CC(C(NC2=CC(C(F)(F)F)=NC=C2)=O)=N1	OSM S4		
50			O=C(NC1=CC=NC(C(F)(F)F)=C1)C2=CC=CC(N/N=C/C3=CC=C(C#N)C=C3)=N2	OSM S4		
50			O=C(NC1=CC=NC(C(F)(F)F)=C1)C2=CC=CC3=NN=C(C4=CC=C(C#N)C=C4)N32	OSM S4		
50			FC1=CC=C(N2C(C)=CC(S(N(C)CC(N)=O)(=O)=O)=C2C)C=C1	OSM S1	OSM-E-1	
50			FC1=CC=C(N2C(C)=CC(S(NCC(N)=O)(=O)=O)=C2C)C=C1	OSM S1	OSM-E-2	
50			FC1=CC=C(N2C(C)=C(S(N(CC(N)=O)C)(=O)=O)C(S(N(C)CC(N)=O)(=O)=O)=C2C)C=C1	OSM S1	OSM-E-3	
50			FC1=CC=C(N2N=NC(COC(CBr)=O)=C2)C=C1	OSM S1	OSM-E-4	
50			FC1=CC=C(N2N=NC(COCC(OCC)=O)=C2)C=C1	OSM S1	OSM-E-5	
50			FC1=CC=C(N2N=NC(COCC(OC)=O)=C2)C=C1	OSM S1	OSM-E-6	
50			FC1=CC=C(N2N=NC(COCC(OCC3=CN(C4=CC=C(F)C=C4)N=N3)=O)=C2)C=C1	OSM S1	OSM-E-7	
50			FC1=CC=C(N2N=NC(COCC(N)=O)=C2)C=C1	OSM S1	OSM-E-8	
50			FC1=CC=C(N2C(C)=CC(C(OC(C)C(O)=O)=O)=C2C)C=C1	OSM S1	OSM-S-100	
50			FC1=CC=C(N2C(C)=CC(C3=NC(C(O)=O)=CO3)=C2C)C=C1	OSM S1	OSM-S-101	
50			FC1=CC=C(N2C(C)=CC(C(CCC(NC)=O)=O)=C2C)C=C1	OSM S1	OSM-S-102	
50			CC(N1C2=CC=C(F)C=C2)=C(C(CCC(N)=O)=O)C=C1C	OSM S1	OSM-S-103	
50			FC1=CC=C(N2N=CC(C3=NC(C(O)=O)=CO3)=C2C)C=C1	OSM S1	OSM-S-104	
50			FC1=CC=C(N2N=CC(C3=NC(C(N)=O)=CO3)=C2C)C=C1	OSM S1	OSM-S-105	
50			O=C(/C(S/1)=C/C2=C(C)N(C3=CC=CC=N3)C(C)=C2)NC1=N\C4=CC=C(O)C=C4	OSM S1	OSM-S-113	
50			CC(N1C2=CC=CC=C2)=CC(C(O)=O)=C1C	OSM S1	OSM-S-12	
50			CC1=CC=C(N2C(C)=C(C(O)=O)C=C2C)C=C1	OSM S1	OSM-S-13	
50			CC(N1C2=CC=C(C(F)(F)F)C=C2)=CC(C(O)=O)=C1C	OSM S1	OSM-S-14	
50			O=C(NC1=C(C)N(C)N(C2=CC=CC=C2)C1=O)CNC(C3=CC=CC=C3)=O	OSM S1	OSM-S-16	
50			CC(N1C2=CC=C(F)C=C2)=CC(C(NCC(N)=O)=O)=C1C	OSM S1	OSM-S-19	
50			CC1=CC(C=O)=C(C)N1C1=CC=C(F)C=C1	OSM S1	OSM-S-2	
50			FC1=CC=C(N2C(C)=CC(C(NCC(NC3=C(C)N(C)N(C4=CC=CC=C4)C3=O)=O)=O)=C2C)C=C1	OSM S1	OSM-S-21	
50			CC(N1C2=CC=CC=C2)=CC(C=O)=C1C	OSM S1	OSM-S-28	
50			CC1=CC=C(N2C(C)=C(C=O)C=C2C)C=C1	OSM S1	OSM-S-29	
50			O=C(C1=C(C)N(C2=CC=C(F)C=C2)C(C)=C1)OCC	OSM S1	OSM-S-3	
50			CCOC(C1=C(C)N(C2=CC=C(C=C2)C)C(C)=C1)=O	OSM S1	OSM-S-30	
50			O=C(C1=C(C)N(C2=CC=CC=C2)C(C)=C1)OCC	OSM S1	OSM-S-31	
50			O=C(C1=C(C)N(C2=CC=C(C(F)(F)F)C=C2)C(C)=C1)OCC	OSM S1	OSM-S-32	
50			CC(N1C2=CC=C(C(F)(F)F)C=C2)=C(/C=C(C(N/3CC#N)=O)\SC3=N/C4=CC=CC=C4)C=C1C	OSM S1	OSM-S-42	
50			CC(N1C2=CC=C(C(F)(F)F)C=C2)=C(/C=C3SC(N(CC#N)C4=CC=CC=C4)=NC\3=O)C=C1C	OSM S1	OSM-S-43	
50			O=C(N/C1=N/C2=CC=CC=C2)/C(S1)=C/C3=CC=CC=C3	OSM S1	OSM-S-55	
50			O=C(OCC(N)=O)C1=C(C)N(N=C1)C2=CC=CC=C2	OSM S1	OSM-S-57	
50			FC(C=C1)=CC=C1N2C(C)=C(CNCC(N)=O)C=C2C	OSM S1	OSM-S-58	
50			FC(C=C1)=CC=C1N2C(C)=C(C(N(C)CC(N)=O)=O)C=C2C	OSM S1	OSM-S-59	
50			FC(C=C1)=CC=C1N2C(C)=C(CN(C)CC(N)=O)C=C2C	OSM S1	OSM-S-60	
50			FC(C=C1)=CC=C1N2C(C)=C(C(NC(CO)C(OC)=O)=O)C=C2C	OSM S1	OSM-S-61	
50			FC(C=C1)=CC=C1N2C(C)=C(C3=NC(C(OC)=O)=CO3)C=C2C	OSM S1	OSM-S-62	
50			FC(C=C1)=CC=C1N2C(C)=C(C(OC(C)(C)C(N)=O)=O)C=C2C	OSM S1	OSM-S-68	
50			FC1=CC=C(N2C(C)=CC(C(N(C(NC3CCCCC3)=O)C4CCCCC4)=O)=C2C)C=C1	OSM S1	OSM-S-7	
50			FC1=CC=C(N2C(C)=CC(C(NC3=C(C)N(C)N(C4=CC=CC=C4)C3=O)=O)=C2C)C=C1	OSM S1	OSM-S-8	
50			CC1=CC(=C(C)[N]1C2=CC=CC=C2)C(=NCC(N(C)C)=O)O	OSM S1	OSM-S-81	
50			CC1=CC(=C(C)[N]1C2=CC=CC=C2)C(N3CCN=C(C3)O)=O	OSM S1	OSM-S-83	
50			CC1=CC(=C(C)[N]1C2=CC=C(C=C2)Br)C(N(C)CC(=NC)O)=O	OSM S1	OSM-S-84	
50			CC1=CC(=C(C)[N]1C2=CC=CC=C2)C3=NN=C(O3)SCC(=NC4=CC(=CC=C4)OC)O	OSM S1	OSM-S-85	
50			CCN(CC(=NC1=C(C=CC=C1F)F)O)C(C2=C(C)[N](C(=C2)C)C3=CC=C(C=C3)F)=O	OSM S1	OSM-S-86	
50			CC1=CC(=CC=C1)[N]2C(=CC(=C2C)C(N(C)CC(N=C3C=C(C)ON3)=O)=O)C	OSM S1	OSM-S-87	
50			CCC1=CC=C(C=C1)[N]2C(=CC(=C2C)CN3CCC(CC3)C(=O)O)C	OSM S1	OSM-S-90	
50			FC(C=C1)=CC=C1N2C=C(C(OCC(N)=O)=O)C=N2	OSM S1	OSM-S-92	
50			FC(C=C1)=CC=C1N2C(C)=C(C(N(C)C)=O)C=C2C	OSM S1	OSM-S-93	
50			FC(C=C1)=CC=C1N2C(C)=C(CN3CCCC3)C=C2C	OSM S1	OSM-S-94	
50			FC1=CC=C(N2N=CC(C3=NC(C(OC)=O)=CO3)=C2C)C=C1	OSM S1	OSM-S-96	
50			FC1=CC=C(N2C(C)=CC(C(CCC(O)=O)=O)=C2C)C=C1	OSM S1	OSM-S-97	
50			FC1=CC=C(N2C(C)=CC(C(CCC(N(C)C)=O)=O)=C2C)C=C1	OSM S1	OSM-S-98	
50			FC1=CC=C(N2C(C)=CC(C(OC(C)C(OCC)=O)=O)=C2C)C=C1	OSM S1	OSM-S-99	
?	1	Lit	C[C@@H](C1)N[C@@]2(C(NC3=C2C=C(Cl)C=C3)=O)C4=C1C5=CC(F)=C(F)C=C5N4	Novartis		
ND	0	M	CCCCCN1C(=N)N(CC(O)COc2cccc(C)c2)c3ccccc13	Mbox		MMV000444
ND	0	M	CCN(CC)c1cc(C)c2cc(NC(=O)c3cccc(OC)c3)ccc2n1	Mbox		MMV000498
ND	0	M	COc1ccc(cc1)C(O)(CCC(C)C)C(CN2CCOCC2)c3ccc(Cl)cc3	Mbox		MMV000617
ND	0	M	CC(O)(C(CN1CCCCC1)c2ccccc2)c3ccc(Cl)cc3	Mbox		MMV000620
ND	0	M	CCCCCCC(O)(C(CN1CCOCC1)c2ccccc2)c3ccc(F)cc3	Mbox		MMV000621
ND	1	M	COc1ccccc1CNC(=O)C2C(N(CC(C)C)C(=O)c3ccccc23)c4cccs4	Mbox		MMV000648
ND	0	M	Oc1c(CN2CCN(CC2)c3ccccc3F)cc(Br)c4cccnc14	Mbox		MMV000760
ND	0	M	Cc1ccc(NC(=O)Nc2cccc(Cl)c2)cc1F	Mbox		MMV000911
ND	0	M	OC1(CC(=O)c2ccccc2O1)C(F)(F)C(F)(F)F	Mbox		MMV000972
ND	0	M	CCOc1cccc2sc(nc12)N(Cc3cccnc3)C(=O)C4CCCCC4	Mbox		MMV001230
ND	0	M	Clc1cccc(NC(=O)Nc2ccc(Br)cc2)c1	Mbox		MMV001318
ND	0	M	CC1=CC(=O)Oc2c1ccc3oc(C(=O)c4ccccc4)c(C)c23	Mbox		MMV006753
ND	0	M	Clc1ccc(cc1)C(=O)Nc2ccc(cc2)c3nc4cc(NC(=O)c5ccc(Cl)cc5)ccc4[nH]3	Mbox		MMV006962
ND	0	M	COc1ccc(cc1)C(=O)C(CCC(CNC(C)(C)C)C(=O)c2ccc(OC)cc2)CNC(C)(C)C	Mbox		MMV007591
ND	0	M	Cc1ccc(C)c(c1)c2csc(Nc3ccc(C)c(C)c3)n2	Mbox		MMV007654
ND	0	M	CCOc1ccccc1NC(=O)CN2CCN(CC2)C(=O)c3occc3	Mbox		MMV007791
ND	0	M	CCCCN(CCCC)S(=O)(=O)c1ccc(NC(=O)c2occc2)cc1	Mbox		MMV007881
ND	0	M	CCCCOc1ccc(cc1)C(=O)Nc2cc(C)on2	Mbox		MMV007906
ND	0	M	CCOc1ccc(CCNC(=O)c2cccs2)cc1OCC	Mbox		MMV007978
ND	0	M	Cc1c(C)n(Cc2ccc(F)cc2)c3ccc(cc13)C(=O)NCc4occc4	Mbox		MMV008149
ND	0	M	Oc1c2CCCCc2nc3cc(nn13)c4ccccc4	Mbox		MMV008270
ND	0	M	CCN1CCN(CC1)c2c(cnc3cc(OC)c(OC)cc23)C(=O)c4ccccc4	Mbox		MMV008474
ND	0	M	CCN(CC)c1ccc(NC(=O)c2cccs2)cc1	Mbox		MMV009060
ND	0	M	CCOc1cccc(c1)C(=O)Nc2ccc(cc2)c3nc4ccccc4[nH]3	Mbox		MMV019202
ND	0	M	COc1ccc(cc1OC)C(=O)Nc2ccc3nc(cc(C)c3c2)N4CCCCC4	Mbox		MMV019758
ND	0	M	COc1cccc(c1)C(=O)Nc2ccc(cc2)c3nc4ccccc4[nH]3	Mbox		MMV019762
ND	0	M	COc1ccc(cc1)c2cn3c(C(=O)Nc4ccccc4Cl)c(c5CCCCn2c35)c6ccccc6	Mbox		MMV020403
ND	1	M	COc1ccc(cc1OC)c2nonc2NC(=O)c3cccc(Cl)c3	Mbox		MMV020660
ND	0	M	Cc1ccc(cc1NCc2cc(Cc3ccccc3)ccc2O)c4oc5ccccc5n4	Mbox		MMV020912
ND	0	M	CCC(=O)Nc1nnc(Cc2ccc(OC)c(OC)c2)s1	Mbox		MMV020942
ND	0	M	CN(C)c1ccc(cc1)N=Cc2ccc(cc2)N3CCOCC3	Mbox		MMV073843
ND	0	M	CC(C)(C)c1ccc(cc1)C(=O)Nc2nc3ccccc3s2	Mbox		MMV142383
ND	0	M	CCOC(=O)c1cnc2c(CC)cccc2c1O	Mbox		MMV498479
ND	0	M	CCN(CC)CCCNc1ccnc2cc3ccccc3cc12	Mbox		MMV665783
ND	0	M	FC(F)(F)c1cccc(Nc2nc(nc3ncccc23)c4ccccc4)c1	Mbox		MMV665798
ND	0	M	COc1ccc(cc1)C(=O)Nc2ccc(Cl)cc2C(=O)Nc3ccncc3	Mbox		MMV665799
ND	0	M	Oc1ccc(Cl)cc1C(=O)Nc2cccc(c2)C(F)(F)F	Mbox		MMV665807
ND	0	M	Oc1ccc(Br)cc1CN2CCN(Cc3ccc(Cl)cc3)CC2	Mbox		MMV665809
ND	0	M	CCc1ccc(CNCC(O)c2ccccc2)cc1	Mbox		MMV665812
ND	0	M	CC(C)(C)CC(C)(C)NCC(O)COc1ccc2CCCc2c1	Mbox		MMV665817
ND	0	M	Cn1c(nc2ccccc12)C(=O)c3cccc4ccccc34	Mbox		MMV665824
ND	0	M	Oc1c2CCCCc2nc3ccccc13	Mbox		MMV665843
ND	0	M	Oc1ccc(Cl)cc1CNc2nc3ccccc3[nH]2	Mbox		MMV665850
ND	0	M	CCOc1c(Cl)cc(CNC(C)C(O)c2ccccc2)cc1OC	Mbox		MMV665857
ND	0	M	CC(C)(C)C(=O)Nc1ccc(cc1)C(=O)Nc2cccc(c2)c3nc4ccccc4[nH]3	Mbox		MMV665879
ND	0	M	Oc1ccccc1NC(=O)c2ccc(Oc3cccc(c3)C(=O)Nc4ccccc4O)cc2	Mbox		MMV665888
ND	1	M	COc1ccc(cc1OC)c2nonc2NC(=O)c3cccc(C)c3	Mbox		MMV665890
ND	0	M	COc1ccc2nc(N)nc(C)c2c1	Mbox		MMV665897
ND	0	M	Fc1ccccc1C(=O)N(Cc2ccc(Cl)cc2)c3ccccn3	Mbox		MMV665899
ND	0	M	COCCN1C(=Nc2ccccc2C1=O)C	Mbox		MMV665904
ND	0	M	COc1ccc(cc1)N2CCN(CC2)C(CNC(=O)CC(C)(C)C)c3ccc4OCOc4c3	Mbox		MMV665908
ND	0	M	CCOc1ccc(cc1)c2nc(NC(=O)c3cccc(c3)S(=O)(=O)C)sc2C	Mbox		MMV665913
ND	0	M	COc1ccccc1N2CCN(CC2)C(CNS(=O)(=O)c3ccc(Cl)cc3)c4cccnc4	Mbox		MMV665914
ND	0	M	Clc1ccc(NC(=O)N2CCN(CC2)c3ccc4nncn4n3)cc1	Mbox		MMV665917
ND	1	M	Fc1cccc(c1)c2nnc3ccc(SCC(=O)Nc4ccc5OCOc5c4)nn23	Mbox		MMV665918
ND	0	M	FC(F)(F)c1cccc(c1)N2N=Nc3ccccc3C2=N	Mbox		MMV665923
ND	0	M	FC(F)(F)c1ccc(Nc2nnnc3ccccc23)cc1	Mbox		MMV665935
ND	0	M	Cc1ccc(cc1)S(=O)(=O)c2c(COC(=O)c3cccc(C)c3)c(nn2C)c4ccccc4	Mbox		MMV665936
ND	0	M	Fc1ccc(cc1)C(=O)Nc2ccsc2C(=O)NC3CCCCC3	Mbox		MMV665939
ND	0	M	Oc1ccccc1NC(=O)c2oc(cc2)c3ccc(Cl)cc3Cl	Mbox		MMV665948
ND	1	M	Oc1ccc(cc1)C(=C(Cl)Cl)c2ccc(O)cc2	Mbox		MMV665949
ND	0	M	CCN(CC)CCCNc1nc(nc2ccccc12)c3ccc(Cl)cc3	Mbox		MMV665961
ND	0	M	OC1CCCCC1C2(CCCCC2)NC(=S)Nc3ccccc3	Mbox		MMV665980
ND	0	M	Cc1ccc(OCCCCCCNCCO)c(C)c1	Mbox		MMV666020
ND	0	M	COc1ccc(cc1)c2cc3C(=O)c4ccccc4c3nn2	Mbox		MMV666026
ND	0	M	Clc1ccc(C(=O)Nc2ccc(Cl)cc2C(=O)Nc3ccncc3)c(Cl)c1	Mbox		MMV666057
ND	0	M	COc1ccc(CN2CCCC(C2)C(=O)c3ccc(cc3)C(F)(F)F)c(O)c1	Mbox		MMV666060
ND	0	M	FC(F)(F)c1cccc(CNC2CCN(CC2)c3ccc(cc3)C(=O)NC4CCCC4)c1	Mbox		MMV666070
ND	0	M	Cc1oc(CN2CCC(CC2)C(=O)Nc3ccc(cc3)c4cc5ccccc5[nH]4)cc1	Mbox		MMV666071
ND	0	M	COCCNC(=O)c1ccc(OC2CCN(Cc3ccc(F)c(F)c3)CC2)c(Cl)c1	Mbox		MMV666072
ND	0	M	COc1ccc(cc1)C2N(C)c3ccccc3N2C	Mbox		MMV666075
ND	0	M	CCCc1c(C)nc2ccccc2c1O	Mbox		MMV666081
ND	0	M	CCCC(N1CCN(CC1)C(=O)c2occc2)c3nnnn3C4CCCCC4	Mbox		MMV666093
ND	0	M	CN(C)c1ccc(cc1)c2nc3cc(N)ccc3[nH]2	Mbox		MMV666102
ND	0	M	CCOC(=O)C1(Cc2ccccc2)CCN(Cc3cccc(OC)c3O)CC1	Mbox		MMV666109
ND	0	M	CC(C)(C)c1ccc(cc1)C(=O)Nc2c3CSCc3nn2c4cccc(Cl)c4	Mbox		MMV666123
ND	1	M	CC(=O)c1ccc(NC(=O)CSc2nc(ns2)c3ccccc3Cl)cc1	Mbox		MMV666124
ND	0	M	Brc1ccc(C=CC2=NC(=O)c3ccccc3O2)cc1	Mbox		MMV666599
ND	0	M	CCOc1ccc(cc1)N2C(=NC(=NC2(C)C)N)N	Mbox		MMV667486
ND	0	M	CN(C)c1ccc(cc1)N2C(=NC(=NC2(C)C)N)N	Mbox		MMV667487
	0	M	COc1ccc2sc(nc2c1)N(Cc3cccnc3)C(=O)c4ccc(cc4)C#N	Mbox		MMV001239
	0	M	COc1ccc(C)c2sc(nc12)N(Cc3cccnc3)C(=O)c4ccc(cc4)C#N	Mbox		MMV001241
	0	M	CCOC(=O)c1cnc2ccc(OC)cc2c1NCc3ccccc3	Mbox		MMV665813
			O=C(NC1=CC(Cl)=CC=C1)C2=CN=CC(N23)=NN=C3C4=CC=C(OC(F)(F)F)C=C4	OSM S4	OSM-S-271	MMV675963
			FC(F)OC(C=C1)=CC=C1C2=NN=C3C=NC=C(SCC4=CC=CC=C4)N32	OSM S4	OSM-S-359	MMV693161
			FC(F)OC(C=C1)=CC=C1C2=NN=C3C=NC=C(S(CC4=CC=CC=C4)=O)N32	OSM S4	OSM-S-360	MMV693162
			FC(F)OC(C=C1)=CC=C1C2=NN=C3C=NC=C(S(CC4=CC=CC=C4)(=O)=O)N32	OSM S4	OSM-S-361	MMV693163
			FC(F)OC(C=C1)=CC=C1C2=NN=C3C=NC=C(N4N=NC(C5=CC=CC=C5)=C4)N32	OSM S4	OSM-S-362	MMV693164
	0	A	NS(=O)(=O)c1cccc(c1)c2cc3ncnc(N)c3s2	OSM S3	OSM-S-106	
	0	Maybridge		Maybridge		
	0	Maybridge		Maybridge		
	0	Maybridge		Maybridge		
	0	Maybridge		Maybridge		
	0	Maybridge		Maybridge		
	0	Maybridge		Maybridge		
	0	Maybridge		Maybridge		
	0	Maybridge		Maybridge		
	0	Maybridge		Maybridge		
	0	Maybridge		Maybridge		
	0	Maybridge		Maybridge		
	0	Maybridge		Maybridge		
	0	Maybridge		Maybridge		
	0	Maybridge		Maybridge		
	0	Maybridge		Maybridge		
	0	Maybridge		Maybridge		
	0	Maybridge		Maybridge		
	0	Maybridge		Maybridge		
	0.5	Lit		Novartis		
	0.5	Lit		Novartis		
	1	Lit		Novartis		
	1	Lit		GSK-MMV		
ND		P	CC(C)CNS(=O)(=O)c1ccc(CCC(=O)Nc2ccc(Cl)cc2C)cc1	Pbox		MMV161996
ND		P	COc1ccc(OC(C)C(=O)Nc2ccc(Cl)cc2C)cc1	Pbox		MMV202458
ND		P	OC1=C(C(=O)Nc2cccnc2)C(=O)N3CCc4cccc1c34	Pbox		MMV676395
ND		P	CC(C)n1ncc2c(cc(nc12)c3ccccc3)C(=O)NCC(N4CCOCC4)c5cccs5	Pbox		MMV676406
ND		P	CCOC(=O)c1c(C)c(sc1NC(=O)c2c(F)c(F)c(F)c(F)c2F)C(=O)N	Pbox		MMV153413
ND		P	NC(CC(=O)c1ccc(Cl)cc1Cl)C(Cl)(Cl)Cl	Pbox		MMV676468
ND		P	O=C(C1CCN(CC1)c2nnc(s2)n3cccc3)N4CCC(Cc5ccccc5)CC4	Pbox		MMV676478
ND		P	CCOC(=O)NC(=O)c1ccsc1NC(=O)c2nc3ccccc3s2	Pbox		MMV090930
ND		P	FC(F)(F)c1nnc2ccc(Cl)nn12	Pbox		MMV069458
ND		P	O=C(NCCc1c[nH]c2ccccc12)C3=Cc4ccccc4OC3=O	Pbox		MMV676539
ND		P	COc1ccc(cc1OC)c2onc(n2)c3cccc(NC(=O)Cc4ccc(F)cc4)c3	Pbox		MMV676571
ND		P	O=C(CCC1CCCCC1)Nc2cccc(c2)c3oc(nn3)c4occc4	Pbox		MMV676589
ND		P	CC1COC2(CCN(CC2)C3=NC(=O)c4cc(cc(c4S3)[N+](=O)[O-])C(F)(F)F)O1	Pbox		MMV676603
ND		P	CCCCS(=O)(=O)Nc1ccc2cnn(C)c2c1	Pbox		MMV687145
ND		P	Cc1cc(C)c2cc([nH]c2c1)C(=O)NC3CCCCCCC3	Pbox		MMV687146
ND		P	O=C(C1CCN(CC1)c2cc(ncn2)n3cccc3)N4CCc5ccccc5C4	Pbox		MMV687172
ND		P	CCc1ccc(cc1)[C@@H]2C[C@@H](n3ncc(C(=O)NCc4ccc(OC)cc4)c3N2)C(F)(F)F	Pbox		MMV687180
ND		P	CC(C)(C(=O)Nc1ccc(F)cc1)n2cc(cn2)c3ccccc3F	Pbox		MMV687239
ND		P	CCc1nc2ccc(Cl)cn2c1C(=O)NCc3ccc(cc3)N4CCC(CC4)c5ccc(OC(F)(F)F)cc5	Pbox		MMV687696
ND		P	Fc1cc(cc(F)c1C2=CCN(Cc3ccccc3)CC2)N4C[C@H](COc5ccon5)OC4=O	Pbox		MMV687813
ND		P	CC1(COc2ccc(cc2)N3CCC(CC3)Oc4ccc(OC(F)(F)F)cc4)Cn5cc(nc5O1)N(=O)=O	Pbox		MMV688262
ND		P	CC(=O)NCC1CN(C(=O)O1)c2ccc(c(F)c2)c3ccc(CNCc4cn[nH]n4)cc3	Pbox		MMV688327
ND		P	CC(=O)NCC1CN(C(=O)O1)c2ccc(c(F)c2)c3ccc(CO)cc3	Pbox		MMV688508
ND		P	Cc1cccc(n1)c2nc(Nc3ccncn3)c4sccc4n2	Pbox		MMV688122
ND		P	Cc1cccc(Cn2ccc(NC(=O)c3ccc4OCOc4c3)n2)c1	Pbox		MMV676386
ND		P	NC(=O)COc1ccc(cc1)c2ccc(cc2)C#N	Pbox		MMV053220
ND		P	COC(=O)c1c2CCCCCc2sc1NC(=O)c3c(F)c(F)c(F)c(F)c3F	Pbox		MMV461553
ND		P	CCC(Sc1oc2ccccc2n1)C(=O)Nc3nnc(C)s3	Pbox		MMV611037
ND		P	CCCn1c(CNc2ccccc2O)nc3ccccc13	Pbox		MMV676445
ND		P	Cc1nc2ccccn2c1C(=O)NCc3ccc(Cl)cc3	Pbox		MMV012074
ND		P	COc1cc(nc2ccc(C)c(N)c12)C(F)(F)F	Pbox		MMV047015
ND		P	COc1ccccc1OCCCCn2c(nc3ccccc23)C4CC4	Pbox		MMV676474
ND		P	Clc1ccc(s1)C(=O)Nc2oc(nn2)c3ccc(Cl)s3	Pbox		MMV676501
ND		P	Cc1ccc2oc(nc2c1)c3cc(NC(=O)Cc4ccccc4)ccc3Cl	Pbox		MMV676509
ND		P	O=C(N1CCN(Cc2ccc3OCOc3c2)CC1)c4oc5ccccc5c4	Pbox		MMV676520
ND		P	Cc1nn(Cc2ccccc2)c(Cl)c1C(=O)NC3CCCCCC3	Pbox		MMV063404
ND		P	Cc1nnc(NCc2cccc(Cl)c2)c3ccccc13	Pbox		MMV676555
ND		P	NC(=O)c1cc(ccc1OCCOc2ccccc2)c3ccsc3	Pbox		MMV687138
ND		P	COc1ccc(Cn2cnc3c(nc(Cl)nc23)c4occc4)cc1	Pbox		MMV687170
ND		P	COc1ccc2nc(C)cc(OCC(=O)Nc3ccccc3OC)c2c1	Pbox		MMV687188
ND		P	CC(=CCC\C(=C/CNCCNC1C2CC3CC(CC1C3)C2)\C)C	Pbox		MMV687273
ND		P	FC(F)(F)c1nc2ccccn2c1C(=O)NCc3cc(Cl)cc(Cl)c3	Pbox		MMV687699
ND		P	CCCCOC(=O)Nc1cc2nc([nH]c2cc1N3CCCC3)C4CCCCC4	Pbox		MMV687730
ND		P	Cc1cc(NCCc2ccccc2)nc(NC(=N)Nc3ccc(Cl)cc3)n1	Pbox		MMV021660
ND		P	CNc1snc(C)c1C(=O)NCCOc2ccc(OC)cc2	Pbox		MMV688554
ND		P	CCC(Sc1oc2ccccc2n1)C(=O)Nc3nccs3	Pbox		MMV676383
ND		P	Brc1c(nc2ncccn12)c3ccc4OCOc4c3	Pbox		MMV676377
ND		P	COc1cccc(OCC(=O)c2ccc(Br)cc2)c1	Pbox		MMV676379
ND		P	Fc1ccccc1c2oc(NCCc3ccccc3)c(n2)C#N	Pbox		MMV676384
ND		P	O=C(N1CCN(Cc2ccc3OCOc3c2)CC1)c4[nH]nc5CCCCc45	Pbox		MMV676389
ND		P	Fc1cccc(OCC(=O)Nc2nc(cs2)c3ccccn3)c1	Pbox		MMV676409
ND		P	CC(Oc1ccccc1)C(=O)Nc2nc(cs2)c3ccccn3	Pbox		MMV676411
ND		P	Clc1ccc(cc1)S(=O)(=O)c2oc(nc2C#N)c3ccccc3	Pbox		MMV676412
ND		P	Cc1ccc(NC(=O)CC2COc3ccccc3O2)cc1Cl	Pbox		MMV676431
ND		P	Cc1ccc2nc(Cl)c(CNCc3cccs3)cc2c1	Pbox		MMV676439
ND		P	O=C(NC1CCCCC1)N2CCN(Cc3ccc4OCOc4c3)CC2	Pbox		MMV676444
ND		P	CCOC(=O)c1cc(on1)c2csc(Nc3c(C)cc(C)cc3C)n2	Pbox		MMV676461
ND		P	CCC(C)NC(=O)c1ccc(NC(=O)C2(CCCC2)c3ccccc3)cc1	Pbox		MMV146306
ND		P	CCOc1ccc(OCC(=O)Nc2cc(C)cc(C)c2)cc1	Pbox		MMV676470
ND		P	COc1ccc(cc1)C2(CCCC2)C(=O)Nc3ccc(Br)cc3	Pbox		MMV200748
ND		P	COc1cccc(OC)c1C(=O)Nc2ccc(Cl)c(c2)c3nc4ccccc4s3	Pbox		MMV676472
ND		P	CC1=C(CCC(=O)O)C(=O)Oc2c(C)c(OCc3cc(C)cc(C)c3)ccc12	Pbox		MMV676476
ND		P	CCC1=C(C)N=C(NC1=O)n2nc(C)cc2NC(=O)c3ccccc3SC	Pbox		MMV676477
ND		P	FC(F)(F)c1cccc(c1)C(=O)Nc2oc(nn2)c3ccc(Cl)cc3	Pbox		MMV102872
ND		P	COc1ccc(cc1)c2cc(NC(=O)c3ccc(F)cc3Cl)ccc2OC	Pbox		MMV676526
ND		P	Cc1cc(O)nc(n1)n2nc(C)cc2C	Pbox		MMV393995
ND		P	COc1ccc(Nc2ccccc2NC(=O)c3ccc(O)nc3)cc1	Pbox		MMV676554
ND		P	CC1=NN(C(=O)C1Cc2cccc3ccccc23)c4nc5ccccc5s4	Pbox		MMV676558
ND		P	Fc1ccc2c(Cl)c(sc2c1)C(=O)NC3=NCCS3	Pbox		MMV676584
ND		P	Nc1c2CCCCc2nc3sc4CCCCc4c13	Pbox		MMV676588
ND		P	CCCn1nnc(NC(=O)COc2ccc(cc2)C3CCCCC3)n1	Pbox		MMV676597
ND		P	COc1ccc2nc(C)cc(OCC(=O)NCc3ccccc3)c2c1	Pbox		MMV687189
ND		P	NC(=O)c1cc(Br)ccc1OCCOc2ccccc2	Pbox		MMV687243
ND		P	Nc1nc2ccc(cc2[nH]1)c3cncc(Oc4ccc(F)cc4)c3	Pbox		MMV687248
ND		P	CCCCc1ccc(nc1)C(=O)Nc2nccc3ccccc23	Pbox		MMV687254
ND		P	Nc1ncnc2c1ncn2[C@@H]3O[C@H](COS(=O)(=O)NC(=O)c4ccccc4O)[C@@H](O)[C@H]3O	Pbox		MMV687700
ND		P	COc1cccc(n1)c2nc3c(cccc3n2CC4CCCN4)N5CCCC5	Pbox		MMV687703
ND		P	Cc1ccc2[nH]c(C3CCCNC3)c(c4ccncc4)c2c1	Pbox		MMV024311
ND		P	OC[C@H]1CN(C(=O)O1)c2cc(F)c(C3=CCN(Cc4ccccc4)CC3)c(F)c2	Pbox		MMV687729
ND		P	Cc1cc(OCC(=O)NCc2ccccc2)c3cc(Br)ccc3n1	Pbox		MMV687747
ND		P	Oc1ccc(Cl)cc1C(=O)Nc2ccc(c(c2)C(F)(F)F)C(F)(F)F	Pbox		MMV687807
ND		P	CN1CCN(CCCOc2ncc(Nc3ncc(nc3C(=O)N)c4ccc(c(F)c4)C(F)(F)F)cn2)CC1	Pbox		MMV687812
ND		P	O=C(NCc1cocc1)N2CCN(Cc3ccc4OCOc4c3)CC2	Pbox		MMV688553
ND		P	Clc1ccc(CN2CCN(CC2)C(=O)NCc3occc3)s1	Pbox		MMV688555
ND		P	NCC(c1cccs1)S(=O)(=O)c2ccccc2	Pbox		MMV688557
ND		P	CN1C(=O)N(C)c2nsc(c2C1=O)S(=O)(=O)C	Pbox		MMV687251
ND		P	CCc1nc2ccccc2n1CC(O)COc3cc(C)ccc3Cl	Pbox		MMV676449
ND		P	C(Nc1nc(nc2ccccc12)N3CCCCC3)c4occc4	Pbox		MMV676401
ND		P	Nc1cccnc1Nc2ccc(Cl)cc2	Pbox		MMV676524
ND		P	CCCc1ccc(cc1)S(=O)(=O)Nc2ccc(CN3CCN(CC4CC4)CC3)cc2	Pbox		MMV688125
ND		P	Cn1ccnc1CNCCS(=O)(=O)c2cccc(Nc3ccc(cn3)c4cccc(F)c4)c2	Pbox		MMV688466
ND		P	C([C@@H]1CN(CCN1)c2nccc(Oc3ccc(cc3)n4ccnc4)n2)c5ccccc5	Pbox		MMV687749
ND		P	C(Nc1cccnc1)c2ccc(s2)c3cc4ccncc4cc3OC5CCNCC5	Pbox		MMV023969
ND		P	Cc1cnc(nc1Oc2ccc(cc2)n3ccnc3)N4CCN[C@@H](Cc5ccccc5)C4	Pbox		MMV687765
ND		P	CCc1ccc(cc1)S(=O)(=O)Nc2cc(CN3CCN(CCC(C)C)CC3)ccc2C	Pbox		MMV688124
ND		P	O=C(Nc1nc(cs1)c2ccccn2)c3cncn3c4ccccc4	Pbox		MMV676512
ND		P	COc1cccc(c1)n2nnnc2S(=O)(=O)C	Pbox		MMV272144
ND		P	CC(C)(C)c1cnc(NC(=O)c2ccccc2O)s1	Pbox		MMV495543
ND		P	C1CCC(CC1)Nc2cc(nc(n2)c3ccccn3)C4CC4	Pbox		MMV021013
ND		P	CC(=O)N1CCc2cc3nc(C)cc(C)c3cc12	Pbox		MMV054312
ND		P	COc1cccc(NC(=O)c2c3CCCc3sc2NC(=O)c4cccnc4)c1	Pbox		MMV228911
ND		P	CS(=O)(=O)CC1=Nc2ccccc2OC1=O	Pbox		MMV553002
ND		P	COc1cccc(c1)n2nnnc2S(=O)(=O)Cc3ccccc3	Pbox		MMV676388
ND		P	[O-][N+](=O)c1cn2C[C@@H](COc2n1)OCc3ccc(OC(F)(F)F)cc3	Pbox		MMV688755
ND		P	CC(=O)NC[C@H]1CN(C(=O)O1)c2ccc(N3CCSCC3)c(F)c2	Pbox		MMV688756
ND		P	COc1ccc2nccc(NC(=O)C3CCN(CCc4ccc(Cl)cc4)CC3)c2n1	Pbox		MMV688844
ND		P	O=C(Nc1ccccc1N2CCOCC2)[C@@H](Cc3ccccc3)NC(=O)c4cccs4	Pbox		MMV688845
ND		P	Cc1ccccc1CN2CCC(O)(CC2)c3ccc(Cl)c(c3)C(F)(F)F	Pbox		MMV688846
ND		P	CN1CCN(CC1)c2cc(nc(n2)c3ccncc3)c4ccc(F)cc4	Pbox		MMV688888
ND		P	Clc1ccc(CCNc2cc(nc3ncnn23)c4ccccc4)cc1	Pbox		MMV688889
ND		P	COc1cc(Br)cc2C=C(C(=O)Nc3cccc(c3)C(F)(F)F)C(=O)Oc12	Pbox		MMV688891
ND		P	Clc1cccc2sc(nc12)N(CCCn3ccnc3)C(=O)c4occc4	Pbox		MMV688936
ND		P	Cc1ccc2nc(C)c(c3ccn(Cc4ccccc4)n3)n2c1	Pbox		MMV688939
ND		P	COc1cc(CN2CCC3(CC2)C=Cc4ccccc34)cc5OCOc15	Pbox		MMV688941
ND		P	Brc1cncc(c1)c2cc(NCCCn3ccnc3)nc(n2)c4ccccc4	Pbox		MMV661713
ND		P	CCOc1ccc(cc1)c2nc(CNCCc3ccc(F)cc3)cs2	Pbox		MMV688938
0.2	0	P	CCC(NC(=O)c1ccccc1NC(=O)c2ccc(C)cc2)C(=O)OC	Pbox		MMV019551
0.9	0	P	CC(C)(C)c1cc(cc(c1)C(=O)Nc2cccnc2)C(=O)Nc3cccnc3	Pbox		MMV020982
2	0	P	C1CCN(CC1)c2cc(nc3ccccc23)c4ccccn4	Pbox		MMV560185
0.9	0	P	O=C(Nc1cccc(c1)c2ccc(NCCCN3CCCC3)nc2)c4ccccc4	Pbox		MMV023953
0.8	0	P	CN1CCC(CC1)NCc2cccc(c2)c3ccc(cc3)S(=O)(=O)NCc4ccccc4	Pbox		MMV022029
0.1	0	P	COc1cncc(c1)c2cncc(n2)N3CCN(CC3)c4ccncc4	Pbox		MMV085071
0.6	0	P	NCC(=O)N1CCn2c(C1)nc(c2Nc3ccc4OCOc4c3)c5ccccc5	Pbox		MMV011691
0.9	0	P	CNC(=O)C1Cc2c([nH]c3cc(Cl)ccc23)C4(CCN(CCc5ccccc5)CC4)N1	Pbox		MMV031011
1.1	1	P	CCCS(=O)(=O)N1CCC(CO)(Cc2ccccc2C(F)(F)F)CC1	Pbox		MMV001059
1.4	0	P	C(Nc1nn2c(cnc2s1)c3cccs3)C4CCOCC4	Pbox		MMV010764
0.5	0	P	FC(F)(F)c1cccc(c1)c2nc3c(NCc4ccncc4)nccc3[nH]2	Pbox		MMV032967
0.1	0	P	COc1cc(ccc1O)c2cc(cnc2N)c3ccc(cc3)S(=O)(=O)C	Pbox		MMV010576
0.1	0	P	NC(=O)c1ccc(cc1)c2nc(cnc2N)c3ccc(cc3)C#N	Pbox		MMV085499
0.03	0	P	OCc1ccc(cc1)c2cncc(Nc3cccc(Cl)c3)c2	Pbox		MMV026468
1.1	0	P	CN1CCN(CC1)c2nccc3nc([nH]c23)c4ccc(F)c(F)c4	Pbox		MMV676260
1.5	0	P	CN1CCN(CC1)c2nccc3[nH]c(cc23)c4cccc(F)c4	Pbox		MMV393144
1.3	0	P	COc1cccc(c1)c2cc3c(Nc4cccnc4)nccc3[nH]2	Pbox		MMV392832
1.6	0	P	Clc1cccc(c1)C(c2ccc(CN3CCNCC3)cc2)n4ccnc4	Pbox		MMV663250
0.6	0	P	NS(=O)(=O)c1cncc(c1)c2ccc3nccc(c4cn[nH]c4)c3n2	Pbox		MMV024101
2.1	0	P	CCCNC(=O)N1CCC2(CC1)CC(=O)c3cc(C)ccc3O2	Pbox		MMV085230
0.6	0	P	CC(C)(C)c1cc(C(=O)N2CCN(CC2)c3nccnc3C#N)n(Cc4ccccc4)n1	Pbox		MMV023949
0.8	0	P	CC(C)(C)CN1C(=NC(C1=O)(c2ccccc2)c3ccccc3)N	Pbox		MMV026550
0.2	0	P	Nc1nccc2ccc(Oc3ccncc3)cc12	Pbox		MMV026313
2	0	P	C[C@@H](N1CCCC[C@H]1c2ccc(OCc3cccc(F)c3)cc2)C(=O)N	Pbox		MMV676269
ND	0	P	C[C@@H](N1CCCC[C@@H]1c2ccc(OCc3cccc(F)c3)cc2)C(=O)N	Pbox		MMV676270
1.6	0	P	CN(C)CCNC(=O)N1CCCN(CC1)c2ncnc3cc(sc23)c4ccccc4	Pbox		MMV024195
1.1	0	P	OCCc1ccc(Nc2nccc(n2)c3nnc4ccccn34)cc1	Pbox		MMV028694
0.6	0	P	Cc1ccc(cc1)S(=O)(=O)n2cc(c3ccnc(N)c3)c4cc(Br)cnc24	Pbox		MMV024114
0.7	0	P	COc1ccc(cc1OC)c2cnc3ccc(nn23)N4CCCC4	Pbox		MMV023985
1	0	P	FC(F)(F)c1ccc(CN2C(=O)COCc3ccc(Br)cc23)cc1	Pbox		MMV032995
1.3	0	P	O=C(NCCc1ccccc1)c2cc(cnc2NCC3CC3)c4cccnc4	Pbox		MMV026490
1.2	0	P	FC(F)(F)c1nc(oc1C(=O)Nc2ccc(nc2)N3CCNCC3)c4ccccc4	Pbox		MMV024937
1.5	0	P	NS(=O)(=O)c1cccc(c1)c2ccc3ncc(nc3c2)N4CCOCC4	Pbox		MMV023860
0.7	0	P	CN(C(=O)c1cc2c(cccc2[nH]1)c3cncnc3)c4ccccc4	Pbox		MMV024443
1.1	0	P	COc1cccc2c(C)nc(N=C(N)N)nc12	Pbox		MMV000907
0.8	0	P	Cc1cnc(CCNC(=O)c2cc(cs2)c3ccc(Cl)cc3)[nH]1	Pbox		MMV676350
1.2	0	P	O=C1N(Cc2cc3ccccc3s2)CC4CN(Cc5ccccc5)CCN14	Pbox		MMV084603
0.5	0	P	CS(=O)(=O)c1cccc(c1)c2cnc3[nH]cc(c4ccc(CCC(=O)O)cc4)c3c2	Pbox		MMV026020
0.3	0	P	CCn1ncc2c(NC3CCOCC3)c(CNC(=O)c4ccnn4C)c(C)nc12	Pbox		MMV026356
0.4	0	P	Nc1ncc(cc1c2nc3cc(Cl)cnc3[nH]2)c4cn[nH]c4	Pbox		MMV023370
0.2	0	P	CCN(CC)CCCN1CCN(CC1)C(=O)c2cccc(c2)c3noc(n3)C(F)(F)F	Pbox		MMV022236
1.1	0	P	FC(F)(F)c1cc(cc(c1)C(F)(F)F)C(=O)Nc2ccnc(n2)c3cccnc3	Pbox		MMV019838
0.4	0	P	CC(=O)Nc1ccc(NC(=O)c2cc([nH]n2)c3cc(Cl)ccc3O)cc1	Pbox		MMV676380
0.8	0	P	CN(C)CCNc1ncnc2c3cc(C)ccc3[nH]c12	Pbox		MMV006372
0.5	0	P	Cc1ccc(Oc2ccc(NC(=O)CNc3ccccc3N4CCCC4=O)cc2)cc1	Pbox		MMV020512
0.5	0	P	CCN(CC)S(=O)(=O)c1ccc(Cl)c(c1)C(=O)Nc2ccc3nc(C)sc3c2	Pbox		MMV019721
0.3	0	P	COc1ccc(cc1OC)C2CC(=NN2C(=O)c3occc3)c4cccs4	Pbox		MMV019234
1.7	0	P	Cc1ccc2cc(C3NC(=O)c4ccccc4N3)c(Cl)nc2c1	Pbox		MMV019807
0.9	1	P	Cc1onc(C)c1C(=O)N2CCCC(C2)c3[nH]c4c(C)cccc4c3c5ccncc5	Pbox		MMV020623
1.1	1	P	CNC(=O)c1cc(cs1)S(=O)(=O)N2CCN(CC2)c3ccccn3	Pbox		MMV020136
0.8	0	P	CC(C)c1ncc(c2ccncc2)c(n1)[C@@H]3CC[C@@H](CNC(=O)c4cccnc4)CC3	Pbox		MMV676442
1.5	0	P	Nc1ccc(cc1)C(=O)Nc2ccc(cc2)c3oc4ccccc4n3	Pbox		MMV007920
1.1	0	P	Cc1ccc2c(NC(=O)C23NN=C(S3)c4ccccc4)c1C	Pbox		MMV019189
0.6	0	P	CC1CC1C(=O)NC2CCN(CC3(CCCCC3)c4ccccc4)CC2	Pbox		MMV020120
0.6	0	P	CN(C)c1cc(NC(=O)Nc2ccccc2)c3ccccc3n1	Pbox		MMV006901
0.6	0	P	COc1cc2ncnc(NC3CCN(Cc4ccccc4)CC3)c2cc1OC	Pbox		MMV006741
0.5	1	P	Brc1ccc2NC(=O)C3(NCCc4c3[nH]c5ccccc45)c2c1	Pbox		MMV006239
0.7	0	P	CCOc1ccc(cc1)c2nc(NC(=O)CS(=O)(=O)c3ccccc3)sc2C	Pbox		MMV007638
1	0	P	Clc1ccc2OCCN(c3ccc(s3)C(=O)NC4CC4)c2c1	Pbox		MMV020537
0.7	0	P	Cc1oc(NC(=O)c2cn(nc2c3ccccc3C)c4ccccc4)nn1	Pbox		MMV020320
0.8	0	P	Cc1onc(c1)C(=O)Nc2ccc(cc2)c3ccccc3	Pbox		MMV020152
0.2	1	P	COc1ccc(Cl)cc1NC(=O)CN(C)C(=O)c2cnn(n2)c3ccccc3	Pbox		MMV020710
1.1	1	P	Cc1cc2ccccc2n1CC(=O)N3CC(Oc4ccccc34)C(=O)N5CCCCC5	Pbox		MMV020520
1.4	0	P	COc1ccccc1C(C)NCC(=O)Nc2cc(ccc2Cl)C(F)(F)F	Pbox		MMV020321
0.4	0	P	CCOc1ccccc1NC(C)C(=O)Nc2cc(ccc2N3CCOCC3)C(F)(F)F	Pbox		MMV407834
0.3	0	P	CC(C)NCC(=O)Nc1cccc(c1)C(=O)Nc2cccc(c2)C(F)(F)F	Pbox		MMV020165
0.4	0	P	Cc1ccc(NC(=O)c2nc[nH]c2C(=O)Nc3nc4ccccc4[nH]3)c(C)c1	Pbox		MMV011903
1.6	0	P	CN(c1ccc(F)cc1)S(=O)(=O)c2ccc(Cl)c(c2)C(=O)Nc3cccc(C)n3	Pbox		MMV676528
1.3	0	P	O=C(NC1CC1)c2ccc(nc2)N3CCC(Cc4ccccc4)CC3	Pbox		MMV024397
0.9	1	P	CC(C)C(C(=O)Nc1ccc(cc1)S(=O)(=O)N(C)C)c2ccc(Cl)cc2	Pbox		MMV020391
0.9	0	P	CC(N1CCN(CC1)S(=O)(=O)c2ccc(cc2)C(C)(C)C)C(=O)N3CCCC3	Pbox		MMV020291
0.2	0	P	Cc1cc(C)n2nc(nc2n1)C(=O)Nc3cc(ccc3N4CCOCC4)C(F)(F)F	Pbox		MMV019087
0.5	0	P	O=C(Nc1cnc2ccccc2c1)c3cccc(c3)n4cnnn4	Pbox		MMV084864
1.2	1	P	Clc1ccc(cc1)S(=O)(=O)N2CCN(CC2)C(=S)NCc3occc3	Pbox		MMV000858
0.9	0	P	COc1ccccc1CNC(=O)c2cc(nc3c2cnn3C(C)C)C4CC4	Pbox		MMV020517
0.9	0	P	Cc1ccc(NC(=O)c2cc(ccc2C)S(=O)(=O)NC(C)(C)C)nc1	Pbox		MMV020289
1	0	P	CC(C)C(NC(=O)Cc1cccc2ccccc12)C(=O)Nc3cccc(c3)C#N	Pbox		MMV020591
1	0	P	Cc1ccc(cc1)S(=O)(=O)N2CCN(CC2)C(=O)c3cc([nH]n3)c4ccccc4	Pbox		MMV019742
2	1	P	Clc1ccc(cc1)S(=O)(=O)NC(Cc2c[nH]c3ccccc23)C(=O)N4CCCCC4	Pbox		MMV085210
1.9	0	P	Cc1onc(c1)C(=O)Nc2cnn(Cc3ccc(Cl)cc3Cl)c2	Pbox		MMV009054
0.6	0	P	Cc1cc(Nc2ccncc2)n3nc(C)c(c4ccccc4Cl)c3n1	Pbox		MMV016136
2	0	P	C[C@@]1(O)C[C@@H](C1)c2nc(c3ccc4ccc(nc4c3)c5ccccc5)c6c(N)nccn26	Pbox		MMV676605
0.8	0	P	Clc1cccc(c1)c2cnn3ccc(nc23)C(=O)Nc4ccc(cc4)N5CCNCC5	Pbox		MMV022478
0.2	1	P	COc1cccc(CC(=O)N2CCC(CC2)n3c(C)nc4ccc(F)cc34)c1	Pbox		MMV020081
0.8	0	P	Clc1cccc(NC(=O)c2cnc(N3CCN(CC3)c4ccncc4)c(Cl)c2)c1	Pbox		MMV024406
0.7	0	P	OCCNc1ccc(cc1)C(=O)C2C[C@H]2c3ccc(Cl)cc3	Pbox		MMV676877
0.7	0	P	FC(F)(F)c1cccc(c1)C(=O)NC2CCN(C2)c3ccnc4ccccc34	Pbox		MMV023388
0.9	0	P	CCn1cnc2c(Nc3cc(F)cc(F)c3)nc(nc12)C#N	Pbox		MMV676881
0.2	0	P	Nc1nccc2ccc(cc12)c3ccc4nccn4c3	Pbox		MMV023233
0.4	0	P	CC(C)(CN)c1nc(c2ccc(Cl)c(O)c2)c([nH]1)c3ccnc(N)n3	Pbox		MMV030734
0.5	0	P	COc1ccc(cn1)c2cnc3ccc(NCc4ccc(cc4)S(=O)(=O)N)nn23	Pbox		MMV010545
0.4	0	P	CN1CCN(CC1)S(=O)(=O)c2ccc(cc2)c3ccc4c(Nc5ccc6nn[nH]c6c5)ccnc4c3	Pbox		MMV687246
2.1	0	P	CC(C)CN1CCC(CC1)N(C)c2cc(NC(=O)c3cccc(C)c3)ccn2	Pbox		MMV024829
1.9	0	P	Cc1nc([nH]c1C)c2cccc(NCc3ccccc3)c2	Pbox		MMV023227
0.6	0	P	O=C(Nc1ccccc1)c2ccc(s2)c3cc4ccncc4cc3OC5CCNCC5	Pbox		MMV024035
2	0	P	COc1ccc(CN2CCOc3ccc(cc3C2)C(C)(O)CN(C)C)cc1C	Pbox		MMV008439
0.3	0	P	CC1(C)Cc2c(CO1)c(nc3snc(Br)c23)N4CCOCC4	Pbox		MMV687794
2	0	P	CCc1ccc(cc1)C(NCc2nc(N)nc(n2)N(C)C)C(C)C	Pbox		MMV1019989
2	0	P	Cc1cc(C)nc(n1)n2nc(C)cc2Nc3ccccc3	Pbox		MMV062221
2	0	P	CC(C)N(Cc1ccccn1)Cc2csc(n2)c3oc(C)cc3	Pbox		MMV1088520
2	0	P	Fc1ccccc1C2CC2C(=O)Nc3nc(cs3)c4ccccn4	Pbox		MMV1028806
2	0	P	CCCn1c(NC(=O)c2ccc3ccccc3n2)nc4ccccc14	Pbox		MMV1030799
2	0	P	CCNC(=O)C(C)Nc1nc(nc2sc(C)c(C)c12)c3cccnc3	Pbox		MMV1037162
2	0	P	CNC(=O)CNc1nc(nc2scc(c3ccccc3)c12)c4ccccn4	Pbox		MMV1029203
0.4	0	P	CC1=NC2=NC=CN2C(NC3=CC=C(C(F)(F)F)C=C3)=C1	Pbox		MMV011229
0.1	0	P	Cc1ccc(cc1)-c1cc(c2cc(ccc2n1)Br)C(=O)Nc1cccnc1	Pbox		MMV016838
0.1	0	P	Clc1ccc2nc(cc(c2c1)C(=O)NCCN1CCCC1)NCCN1CCOCC1	Pbox		MMV634140
0.007	0	P	FC1(F)CCN(CCCCNc2cc(c3cc(ccc3n2)Cl)C(=O)NCCN2CCCC2)CC1	Pbox		MMV667494
0.3	0	P	Cc1cc(Cl)c(cc1OCC(=O)NC2CCCCC2)S(=O)(=O)N3CCCC3	Pbox		MMV006833
1	0	P	CC(C)N(Cc1ccccc1)S(=O)(=O)c2ccc(cc2)C(=O)Nc3cc(C)on3	Pbox		MMV007133
0.6	0	P	COc1cc(OC)cc(c1)C(=O)NCC2Cc3cc(Cl)cc(c3O2)c4ccncc4	Pbox		MMV007471
0.8	0	P	Cc1cc(C)n(n1)c2ccc(NC(=O)C3CCN(Cc4cnc(C)s4)CC3)cc2	Pbox		MMV007625
1.4	0	P	Clc1ccccc1CSCc2oc(cc2)C(=O)NC3CC3	Pbox		MMV007803
1.2	0	P	COc1ccc(CCN2CCC(CC2)NCc3cccc(c3)N(C)C)cc1	Pbox		MMV011511
0.3	0	P	FC(F)(F)c1cnc(Sc2oc(nn2)c3ccncc3)c(Cl)c1	Pbox		MMV011765
1.3	0	P	CCOc1ccccc1C(=O)Nc2cccc(c2)c3nc4ncccn4c3C	Pbox		MMV019790
0.1	0	P	CC(Nc1nncc(n1)c2ccc(cc2)C(F)(F)F)c3cn(C)nc3C	Pbox		MMV019993
0.5	0	P	CC(Nc1cc(Cl)ccc1N2CCOCC2)C(=O)N3CCCC(C)C3	Pbox		MMV020388
1.1	0	P	COc1ccc(cc1)c2cncc3ccc(nc23)C(=O)NCCCn4ccnc4	Pbox		MMV020670
0.1	0	P	CO\C=C(\C(=O)OC)/c1ccccc1Oc2cc(Oc3ccccc3C#N)ncn2	Pbox		MMV021057
1.5	0	P	Nc1ncc(Br)cc1c2nc3cc(Cl)cnc3[nH]2	Pbox		MMV676358
0.6	0	P	C(C1CC1)N2Cc3ccccc3OC4(CCN(Cc5c[nH]c6cnccc56)CC4)C2	Pbox		MMV023183
2	1	P	CCC1=CC(=O)N(C)C(=N1)SC(C)C(=O)Nc2ccc(F)cc2	Pbox		MMV688980
1.4	0	P	CC(C)CNc1cc(nc2c([nH]nc12)-c1ccccc1)C	Pbox		MMV021375
ND	0	P	O=C(C1CCN(CC1)c2nnnn2c3ccccc3)N4CCc5ccccc5C4	Pbox		MMV009135
ND		P	CN1CCCN(CC1)C(c2ccccc2)c3ccc(Cl)cc3	Pbox		MMV004168
ND		P	CCOC(=O)c1noc(N)c1c2ccccc2	Pbox		MMV1236379
ND		P	CNC(=O)C1Cc2ccccc2N1C(=O)Cc3ccc(F)cc3	Pbox		MMV188296
ND		P	CCC(=O)Nc1ccccc1C(=O)Nc2ccccn2	Pbox		MMV202553
ND		P	OB1OCc2ccc(NC(=O)c3ccccc3C(F)(F)F)cc12	Pbox		MMV652003
ND		P	COc1ccc(cc1c2cn(nn2)c3ccc(cc3)C(=N)N)C(=N)N	Pbox		MMV675998
ND		P	CN(CCc1ccccc1)c2nc(nc(C)c2Cl)c3ccccn3	Pbox		MMV658988
ND		P	Cc1nc(nc(N2CCC(Cc3ccccc3)C2)c1Cl)c4ccccn4	Pbox		MMV659004
ND		P	OC(=O)c1cccc2oc(nc12)c3cccc(O)c3NC(=O)c4cc(on4)c5ccccc5	Pbox		MMV676008
ND		P	Clc1ccc(Cl)c(CO[C@H]2CCCC[C@@H]2n3ccnc3)c1	Pbox		MMV676048
ND		P	C1CN(CCO1)c2cc(n[nH]2)c3ccc(Oc4ccccc4)cc3	Pbox		MMV045105
ND		P	CC(C)(C)OC(=O)N1CCN(CC1)c2cc(n[nH]2)c3ccc(Oc4ccccc4)cc3	Pbox		MMV676057
ND		P	FC(F)(F)c1cc(NCCc2ccccc2)nc(n1)c3ccccn3	Pbox		MMV659010
ND		P	Clc1cccc(CO[C@H]2CCc3ccccc3[C@@H]2n4ccnn4)c1	Pbox		MMV676159
ND		P	C(N1CCOCC1)c2cc(n[nH]2)c3ccc(Oc4ccccc4)cc3	Pbox		MMV676161
ND		P	OC(=O)c1cccc2oc(nc12)c3ccccc3NC(=O)c4ccccc4	Pbox		MMV676162
ND		P	Cc1nc(nc(NCCc2ccc(cc2)S(=O)(=O)C)c1Cl)c3ccccn3	Pbox		MMV658993
ND		P	COC(=O)c1cccc2oc(nc12)c3cccc(OC)c3NC(=O)c4cc(on4)c5ccccc5	Pbox		MMV676186
ND		P	CNCCC(Oc1ccc(cc1)C(F)(F)F)c2ccccc2	Pbox		MMV001561
ND		P	CO[C@@H](C(=O)N1Cc2[nH]nc(NC(=O)c3ccc(cc3)N4CCN(C)CC4)c2C1)c5ccccc5	Pbox		MMV676600
ND		P	CNC(=O)c1nn(C)c2c3nc(Nc4ccc(cc4)N5CCN(C)CC5)ncc3CC(C)(C)c12	Pbox		MMV676602
ND		P	CC(C)n1c(C)ncc1c2ccnc(Nc3ccc(cc3)S(=O)(=O)C)n2	Pbox		MMV676604
ND		P	C1CN(CCN1)c2cc(n[nH]2)c3ccc(Oc4ccccc4)cc3	Pbox		MMV687706
ND		P	C1CC(CCO1)c2cc(n[nH]2)c3ccc(Oc4ccccc4)cc3	Pbox		MMV687762
ND		P	NC(=N)Nc1ccc(c(Cl)c1)c2oc(cc2)c3ccc(NC(=N)N)cc3Cl	Pbox		MMV688179
ND		P	Cc1nn(C)c(C)c1NS(=O)(=O)c2c(Cl)cc(cc2Cl)c3ccnc(c3)N4CCNCC4	Pbox		MMV688180
ND		P	NC(=N)Nc1ccc(cc1Cl)c2oc(cc2)c3ccc(N=C(N)N)c(Cl)c3	Pbox		MMV688271
ND		P	Nc1ccc2ncnc(Nc3ccc(OCc4cccc(F)c4)c(Cl)c3)c2c1	Pbox		MMV688273
ND		P	Fc1cccc(COc2ccc(Nc3ncnc4ccc(NC(=O)CN5CCOCC5)cc34)cc2Cl)c1	Pbox		MMV688274
ND		P	CC1=Nc2ccc(Cl)cc2C(O)(N1CCN3CCCCC3)c4ccc(C)cc4	Pbox		MMV688279
ND		P	CN1CCN(CC1)S(=O)(=O)c2ccc(cc2)c3ccc4c(Nc5ncc(Cl)cn5)ccnc4c3	Pbox		MMV688283
ND		P	COc1ccc(cc1OCc2ccccn2)C3=NN(C4CCCCCC4)C(=O)C3(C)C	Pbox		MMV688360
ND		P	C1CN=C(N1)c2ccc(cc2)c3cc(on3)c4cccc(c4)C5=NCCN5	Pbox		MMV688361
ND		P	COc1cc(cc2cc(oc12)c3ccc(cc3)C4=NCCN4)C5=NCCN5	Pbox		MMV688362
ND		P	NCCN(C(=O)c1ccc(Cl)cc1Cl)c2ccc(OCc3ccc(Cl)cc3)cc2	Pbox		MMV688371
ND		P	COc1cc(ccc1c2cn(nn2)c3cccc(c3)C4=NCCN4)C5=NCCN5	Pbox		MMV688407
ND		P	CN(C)CC(=O)NCCN1C(c2ccccc2)c3cc(Cl)ccc3N=C1C	Pbox		MMV688410
ND		P	CO[C@@H]1CN(C[C@H]1O)c2ccc(C#CC3(O)CN4CCC3CC4)c(Cc5ccccc5)n2	Pbox		MMV688415
ND		P	CCCCN(CCCC)c1c(cc(cc1C#N)S(=O)(=O)Nc2ccccc2)C#N	Pbox		MMV688467
ND		P	COc1cc(ccc1n2cc(nn2)c3cccc(c3)C4=NCCN4)C5=NCCN5	Pbox		MMV688474
ND		P	NC(=N)c1ccc(cc1)c2cc(on2)c3ccccc3	Pbox		MMV688514
ND		P	COc1ccc(cc1c2cn(nn2)c3cccc(c3)C4=NCCN4)C5=NCCN5	Pbox		MMV688547
ND		P	CCc1ccccc1n2c(C)cn3c4C(=O)N(C(C(C)C)C(=O)OC)C(=O)N(C)c4nc23	Pbox		MMV688550
ND		P	CO\N=C(/C(=O)OC)\c1ccccc1CO\N=C(/C)\c2cccc(c2)C(F)(F)F	Pbox		MMV688754
ND		P	Cc1nn2C(=O)C3=C(CCCC3)Nc2c1c4ccc(Cl)cc4	Pbox		MMV688776
ND		P	Cc1nn2c(O)c3CCCCc3nc2c1c4ccc(F)cc4	Pbox		MMV099637
ND		P	Cc1onc(C)c1COc2cccc(c2)C(=O)Nc3ncccc3C	Pbox		MMV688793
ND		P	O=C(NCCc1ccn(n1)c2ccccc2)C3CCCCC3	Pbox		MMV688795
ND		P	Fc1ccc(cc1)c2oc(cc2)C(=O)NCc3nnc4CCCCCn34	Pbox		MMV688796
ND		P	CC1CCCCN1C(=O)NCCc2coc(n2)c3ccc(F)cc3	Pbox		MMV688797
ND		P	CS(=O)(=O)c1ccccc1C(=O)N(Cc2ccccc2)c3ccccc3	Pbox		MMV688798
ND		P	CCc1nn(C)c(C(=O)NCc2ccc(Oc3ccc(C)cc3)cc2)c1Cl	Pbox		MMV688934
ND		P	CC(C)(C)C(O)C(Oc1ccc(cc1)c2ccccc2)n3cncn3	Pbox		MMV688942
ND		P	CC1COC(Cn2cncn2)(O1)c3ccc(Oc4ccc(Cl)cc4)cc3Cl	Pbox		MMV688943
ND		P	O=C(NCCc1csc(n1)c2ccccc2)c3ccccc3	Pbox		MMV688958
ND		P	Fc1ccc(cc1)N2CCN(CCCCN(CC#N)C(=O)OCc3ccccc3)CC2	Pbox		MMV675997
ND		P	FC1=C(C=C(NC(=O)N2CCCC2)C=C1)C1=NC2=CC(=CN=C2N1)C1=CC=CC=C1	Pbox		MMV688372
ND		P	CC1=C(C)C(NC(N2N=C(C)C=C2NC(C3=CC=C(S(=O)(N(CC)CC)=O)C=C3)=O)=N1)=O	Pbox		MMV595321
ND		P	O=C(N1CCN(CC2=CC=C(NS(=O)(C3=CC=C(C)C=C3)=O)C=C2)CC1)C4=CC(C#N)=CC=C4	Pbox		MMV689028
ND		P	O=C(N1CCN(CC2=CC=C(NS(=O)(C3=CC=C(OC)C=C3)=O)C=C2)CC1)C4=CC(C#N)=CC=C4	Pbox		MMV689029
ND		P	CC1=C(F)C=CC=C1CN2CCCC(CC3=NC(C4=CC=C(NC(C)=O)C=C4)=NO3)C2	Pbox		MMV689061
ND		P	O=C(N1CC(C2=CC(NC)=CC(C)=N2)OCC1)C3=NNC4=C3C=CC=C4	Pbox		MMV689709
ND		P	Clc1ccc(CN2CCN(CC2)C3=NCCN3)cc1Cl	Pbox		MMV689060
ND		P	CC(N(C)c1ncc2c(N)nc(N)nc2n1)c3cc(Cl)cc(Cl)c3	Pbox		MMV689437
ND		P	FC(F)(F)c1ccc(cc1)N(C2CCN(CC2)c3ccc(cn3)C(F)(F)F)c4cccnc4	Pbox		MMV689243
ND		P	FC(F)(F)c1ccc(cc1)N2CCN(CC2)C(=O)[C@@H](c3ccc(Cl)cc3)c4cccnc4	Pbox		MMV689244
ND		P	COC1=C(OCCCCOC2=CC=C(C3=NNN=N3)C=C2)C=C(C([C@@H]4[C@H]5CC=CC4)=NN(C6CCCCCC6)C5=O)C=C1	Pbox		MMV690027
ND		P	COC1=C(OCCCCOC2=CC=C(C3=NNN=N3)C=C2)C=C(C4=NN(C5CCCCCC5)C(C4(C)C)=O)C=C1	Pbox		MMV690028
ND		P	C[C@@H](N(C)c1ncc2c(N)nc(N)nc2n1)c3ccc4CCCCc4c3	Pbox		MMV690103
ND		P	COc1ccc(Oc2ccc(cc2)[C@@H](C)N(C)c3ncc4c(N)nc(N)nc4n3)cc1	Pbox		MMV690102
ND		P	COc1ccc(OC)c(NCc2ccc3nc(N)nc(N)c3c2Cl)c1	Pbox		MMV675968
ND		P	COc1ccc(cc1OC)c2nn(C(C)C)c3ncnc(N)c23	Pbox		MMV675993
ND		P	Clc1ccc(cc1)n2cc(COc3ccnc4ccccc34)nn2	Pbox		MMV675994
ND		P	CS(=O)(=O)N1CCC(Cn2nc(Cc3cccc4ccccc34)c5c(N)ncnc25)CC1	Pbox		MMV676050
ND		P	COc1cc(NC(=O)CC2=NN(C)C(=O)c3ccccc23)ccc1Cl	Pbox		MMV676053
ND		P	Nc1ncnc2c1c(Cc3cccc4ccccc34)nn2CC5CCNCC5	Pbox		MMV676182
ND		P	CC(C)C(Oc1cccc2ccccc12)C(=O)O	Pbox		MMV676191
ND		P	CC(C)(C)n1nc(Cc2cccc3ccccc23)c4c(N)ncnc14	Pbox		MMV676599
ND		P	CCOc1ccc2cc(cnc2c1)c3nn(c(N)c3C(=O)N)C(C)(C)C	Pbox		MMV688853
ND		P	CCOc1ccc2cc(ccc2c1)c3nn(CC4CCN(C)CC4)c5ncnc(N)c35	Pbox		MMV688854
ND		P	Nc1ncnc2c1ncn2C[C@@H](O)[C@@H](O)C(=O)O	Pbox		MMV689255
ND		P	COC(=O)C1=C(C)NC(=C(C1c2cccc3nonc23)C(=O)OC(C)C)C	Pbox		MMV001493
ND		P	Oc1c(I)cc(I)c2cccnc12	Pbox		MMV002817
ND		P	CC1=C(C(=O)c2c(F)cc(F)cc2N1)c3ccc(Oc4ccc(OC(F)(F)F)cc4)cc3	Pbox		MMV671636
ND		P	CC1(C)OB(O)c2ccc(cc12)C3=NOC(C3)(c4cc(Cl)c(F)c(Cl)c4)C(F)(F)F	Pbox		MMV687775
ND		P	Cc1cc(ccc1C(=O)NCc2ccc3B(O)OC(C)(C)c3c2)C4=NOC(C4)(c5cc(Cl)c(F)c(Cl)c5)C(F)(F)F	Pbox		MMV687776
ND		P	Nc1ncc(cc1c2ccc(nc2)C(F)(F)F)c3ccc(nc3)C(F)(F)F	Pbox		MMV668727
ND		P	COc1ccc(cc1)N(CCc2cccc(C)n2)C(=O)C3CCCCC3	Pbox		MMV675996
ND		P	CC(=O)N(CCN(C(=O)c1ccc(F)cc1)c2ccccc2)c3ccccc3	Pbox		MMV676064
ND		P	Sc1nnc(NC(=O)c2cc(Br)ccc2Cl)s1	Pbox		MMV676492
ND		P	CC(C)(C)c1ccc(N[C@@H]2CCCC[C@H]2NC(=O)c3occc3)cc1	Pbox		MMV675969
ND		P	COc1ccc(cc1)N(CCc2cccc(C)n2)C(=O)C	Pbox		MMV675995
ND		P	Fc1ccc(cc1)C(=O)N(CCNc2ccccc2)c3ccccc3	Pbox		MMV676204
ND		P	COC(=O)c1c2CCN(Cc3ccccc3)Cc2sc1NC(=O)C4=Cc5ccccc5OC4=O	Pbox		MMV676480
ND		P	CCCCc1ccc(NC(=O)Nc2ccc(O[C@H]3CCCC[C@@H]3N(C)c4ccccc4)c(F)c2)cc1	Pbox		MMV676063
ND		P	CCc1nc2ccc(cn2c1N(C)Cc3cccs3)C(=O)NCc4ccc5OCOc5c4	Pbox		MMV407539
ND		P	CCS(=O)(=O)N(Cc1occc1)Cc2cc3ccc(C)cc3nc2O	Pbox		MMV676398
ND		P	FC(F)(F)C1=C(C(N2CCCCC2)=O)N(C=CC=C3OC)C3=N1	Pbox		MMV1110498
ND		P	Cn1ncc2c(nc(NCCc3c[nH]c4ccccc34)nc12)N1CCOCC1	Pbox		MMV676382
ND		P	COCC(C)NC(=O)CSc1ncnc2sc(cc12)-c1ccccc1	Pbox		MMV676536
ND		P	O(c1ccccc1)c1ccc(cc1)-c1cncc(n1)-c1ccc2[nH]ccc2c1	Pbox		MMV688178
ND		P	COc1ccc(cc1OC)-c1nnc2ccc(cn12)-c1cccc(c1)C(C)C	Pbox		MMV688313
ND		P	COc1ccc(cc1)-c1cnc2cnc(cn12)-c1cccc(OC(C)C)c1	Pbox		MMV688270
ND		P	C1CCN(C1)C(c2ccccn2)c3c([nH]c4ccccc34)c5ccccc5	Pbox		MMV688762
ND		P	Cc1ccccc1C(=O)N2N=C(Nc3ccccc3)SC2(C)C	Pbox		MMV688771
ND		P	CN1CCN(CC1)C(c2cccs2)c3c(C)[nH]c4ccccc34	Pbox		MMV688768
ND		P	CNc1nnc(SC2=C(Cl)C(=O)N(N=C2)c3ccccc3)s1	Pbox		MMV688763
ND		P	CS(=O)(=O)c1ccc(cc1[N+](=O)[O-])C(=O)N(CC2CCCO2)c3nc4ccccc4s3	Pbox		MMV688761
ND		P	CC(C(SC1=NC=CC=N1)=C2C)=NN2C(NC3=CC=CC(C(F)(F)F)=C3)=O	Pbox		MMV688552
ND		P	COc1ccc(c(O)c1)c2onc(c2c3ccc(Cl)cc3)C(F)(F)F	Pbox		MMV688766
ND		P	CC(C)c1ccc(NC(=O)COC2=CC(=C(C#N)C(=O)N2C)C)cc1	Pbox		MMV1198433
ND		P	ClC1=CC=C([C@@](C)(C2=CC=CC=C2)OCCC3N(C)CCC3)C=C1	Pbox		MMV637229
ND		P	ClC1=CC(N=C(N)O2)=C2C=C1	Pbox		MMV003270
ND		P	CC(=O)N1CCN(CC1)c1ccc(Oc2ccc(Cl)cc2O)cc1	Pbox		MMV688330
ND		P	Nc1nc(N)c2c3CCN(Cc4ccccc4)Cc3sc2n1	Pbox		MMV688345
ND		P	CC(C)(C)OC(=O)N1CCC(Cn2nc(-c3cnc4ccccc4c3)c3c(N)ncnc23)CC1	Pbox		MMV688364
ND		P	Nc1ncnc2n(CC3CCNCC3)nc(-c3cnc4ccccc4c3)c12	Pbox		MMV688411
ND		P	CC(C)n1nc(-c2cc3c(Cl)cccc3[nH]2)c2c(N)ncnc12	Pbox		MMV688417
ND		P	Nc1ncnc2[nH]nc(Cc3cccc4ccccc34)c12	Pbox		MMV688469
ND		P	CS(=O)(=O)N1CCC(CCn2nc(Cc3cccc4ccccc34)c3c(N)ncnc23)CC1	Pbox		MMV688470
ND		P	CC(C(=O)Nc1ccc2oc(nc2c1)-c1ccncc1)c1ccccc1	Pbox		MMV688471
ND		P	CC(Oc1cccc(Cl)c1)C(=O)Nc1ccc2oc(nc2c1)-c1ccncc1	Pbox		MMV688472
ND		P	Fc1ccc(cc1)-c1[nH]c(cc1-c1ccncc1)C1CCN(CC1)C(=O)OCc1ccccc1	Pbox		MMV688509
ND		P	CC(C)(C)n1nc(-c2ccccc2)c2c(N)ncnc12	Pbox		MMV688548
ND		P	CN1CCC(CC1)c1cc(c([nH]1)-c1ccc(F)cc1)-c1ccncc1	Pbox		MMV688703
ND		P	Cc1cc2nc(NC(=O)C(C)(C)C)nc(Cl)c2n1Cc1ccc(Cl)cc1	Pbox		MMV688704
ND		P	CC(C)(C)n1nc(Cc2ccc(F)c(Cl)c2)c2c(N)ncnc12	Pbox		MMV688852
ND		P	Cc1cc(NC(=O)c2ccc(Oc3ccc(Cl)cc3O)o2)no1	Pbox		MMV688955
ND		P	COC(=O)c1ccc(F)cc1NS(=O)(=O)c2cccc(c2)c3cnn(Cc4ccccc4)c3	Pbox		MMV688350
ND		P	CC(C)(C)OC(=O)N1CCN(CC1)c2nccc(n2)c3ccc(s3)c4ccc(Cl)cc4	Pbox		MMV688416
ND		P	CC(C)(C)C(=O)N(CCCCCCN1C[C@H](O)[C@@H](O)[C@H](O)[C@H]1CO)C2CCCCCC2	Pbox		MMV688543
ND		P	OC[C@H]1O[C@H](C(O)[C@H]1O)n2c3ccc(Cl)cc3c4c(ncnc24)c5oc6ccccc6c5	Pbox		MMV688921
ND		P	Clc1ccc(cc1)[C@@H]2[C@H](Oc3ccccc3)C(=O)N2CCn4cnc5c(NCc6ccccc6)ncnc45	Pbox		MMV688352
ND		P	COc1nc2ccc(Br)cc2cc1[C@@H](c3ccccc3)[C@@](O)(CCN(C)C)c4cccc5ccccc45	Pbox		MMV689758
ND		P	NC(=N)c1ccc(OCCCCCOc2ccc(cc2)C(=N)N)cc1	Pbox		MMV000062
ND		P	O=C(C1CCCCC1)N2CC3N(CCc4ccccc34)C(=O)C2	Pbox		MMV002529
ND		P	CC(C)N=C1C=C2N(c3ccc(Cl)cc3)c4ccccc4N=C2C=C1Nc5ccc(Cl)cc5	Pbox		MMV687800
ND		P	NCCCC(N)(C(F)F)C(=O)O	Pbox		MMV001625
ND		P	Cc1ccc(cc1NC(=O)c2cccc(NC(=O)Nc3cccc(c3)C(=O)Nc4cc(ccc4C)C(=O)Nc5ccc(c6cc(cc(c56)S(=O)(=O)O)S(=O)(=O)O)S(=O)(=O)O)c2)C(=O)Nc7ccc(c8cc(cc(c78)S(=O)(=O)O)S(=O)(=O)O)S(=O)(=O)O	Pbox		MMV637953
ND		P	CCN(CC)CCCCCCNc1cc(OC)cc2c(C)ccnc12	Pbox		MMV000063
ND		P	[O-][N+](=O)c1nccn1CC(=O)NCc2ccccc2	Pbox		MMV688773
ND		P	C[C@@H]1[C@H]2[C@H](O)[C@H]3[C@H](N(C)C)C(=C(C(=O)N)C(=O)[C@@]3(O)C(=C2C(=O)c4c(O)cccc14)O)O	Pbox		MMV000011
ND		P	CC[C@@H]([C@H](C)O)N1N=CN(C1=O)c2ccc(cc2)N3CCN(CC3)c4ccc(OC[C@@H]5CO[C@](Cn6cncn6)(C5)c7ccc(F)cc7F)cc4	Pbox		MMV688774
ND		P	CC(=O)Oc1ccccc1C(=O)Nc2ncc(s2)[N+](=O)[O-]	Pbox		MMV688991
ND		P	CC[C@H](CO)NCCN[C@H](CC)CO	Pbox		MMV687801
ND		P	O=C1C(CC2CCC(C(C)(C)C)CC2)=C(C(C3=C1C=CC=C3)=O)O	Pbox		MMV689480
ND		P	COC(=O)Nc1nc2cc(ccc2[nH]1)C(=O)c3ccccc3	Pbox		MMV003152
ND		P	COc1cc(NC(C)CCCN)c2ncccc2c1	Pbox		MMV000023
ND		P	O[C@H]([C@H]1CCCCN1)c2cc(nc3c(cccc23)C(F)(F)F)C(F)(F)F	Pbox		MMV000016
ND		P	CC(=O)NC[C@@H]1CN(C(=O)O1)c2ccc(N3CCOCC3)c(F)c2	Pbox		MMV687803
ND		P	CNC1C(O)C(O)C(CO)OC1OC2C(OC3C(O)C(O)C(NC(=N)N)C(O)C3NC(=N)N)OC(C)C2(O)C=O	Pbox		MMV688994
ND		P	C[C@H]1COc2c(N3CCN(C)CC3)c(F)cc4C(=O)C(=CN1c24)C(=O)O	Pbox		MMV687798
ND		P	CO[C@H]1\C=C\O[C@@]2(C)OC3=C(C2=O)C4=C(O)\C(=C/NN5CCN(C)CC5)\C(=N\C(=O)\C(=C/C=C\[C@H](C)[C@H](O)[C@@H](C)[C@@H](O)[C@@H](C)[C@H](OC(=O)C)[C@@H]1C)\C)\C(=C4C(=C3C)O)O	Pbox		MMV688775
ND		P	C[C@@H]1OC(=O)C[C@H](O)C[C@H](O)CC[C@@H](O)[C@H](O)C[C@H](O)C[C@]2(O)C[C@H](O)[C@H]([C@H](C[C@@H](O[C@@H]3O[C@H](C)[C@@H](O)[C@H](N)[C@@H]3O)\C=C\C=C\C=C\C=C\C=C\C=C\C=C\[C@H](C)[C@@H](O)[C@H]1C)O2)C(=O)O	Pbox		MMV689000
ND		P	CC1CS(=O)(=O)CCN1\N=C\c2oc(cc2)[N+](=O)[O-]	Pbox		MMV001499
ND		P	CCN(CC)C(=O)N1CCN(C)CC1	Pbox		MMV002816
ND		P	NCCC(O)C(=O)N[C@@H]1C[C@H](N)[C@@H](OC2O[C@H](CN)[C@@H](O)[C@H](O)[C@H]2O)[C@H](O)C1OC3O[C@H](CO)[C@@H](O)[C@H](N)[C@H]3O	Pbox		MMV687796
ND		P	CCP(=[Au]S[C@H]1O[C@@H](COC(=O)C)[C@H](OC(=O)C)[C@@H](OC(=O)C)[C@@H]1OC(=O)C)(CC)CC	Pbox		MMV688978
ND		P	CCCCCCCCCCCCCCCCOP(=O)([O-])OCC[N+](C)(C)C	Pbox		MMV688990
						
			N#CC(C=C1)=CC=C1C2=NN=C3C=NC=C(SCCC4=CC=CC=C4)N32	OSM S4	OSM-S-188	
			N#CC(C=C1)=CC=C1C2=NN=C3C=NC=C(NCCC4=CC(Cl)=CC=C4)N32	OSM S4	OSM-S-190	
			ClC(C=C1)=CC=C1C2=NN=C3C=NC=C(NCCC4=CC(Cl)=CC=C4)N32	OSM S4	OSM-S-191	
			FC(F)OC(C=C1)=CC=C1C2=NN=C3C=NC=C(C(N4CC(C(F)=CC=C5)=C5C4)=O)N32	OSM S4	OSM-S-207	
			ClC1=CN=CC2=NN=C(C3=CC=C(C#N)C=C3)N21	OSM S4	OSM-S-219	
			ClC1=CN=CC2=NN=C(C3=CC=C(Cl)C=C3)N21	OSM S4	OSM-S-220	
			ClC1=CN=CC(NN)=N1	OSM S4	OSM-S-302	
			ClC1=CN=CC(N/N=C/C2=CC=C(C#N)C=C2)=N1	OSM S4	OSM-S-303	
			ClC1=CN=CC(N/N=C/C2=CC=C(OC(F)(F)F)C=C2)=N1	OSM S4	OSM-S-304	
			ClC1=CN=CC(N/N=C/C2=CC=C(OC(F)F)C=C2)=N1	OSM S4	OSM-S-305	
			ClC1=CN=CC(N/N=C/C2=CC=CC=C2)=N1	OSM S4	OSM-S-306	
			ClC1=CN=CC(N/N=C/C2=C(Cl)C=CC=C2)=N1	OSM S4	OSM-S-307	
			ClC1=CN=CC(N/N=C/C2=CC(Cl)=CC=C2)=N1	OSM S4	OSM-S-308	
			ClC1=CN=CC(N/N=C/C2=CC=C(Cl)C=C2)=N1	OSM S4	OSM-S-309	
			ClC1=CN=CC(N/N=C/C2=CC(F)=CC(F)=C2)=N1	OSM S4	OSM-S-310	
			ClC1=CN=CC(N/N=C/C2=CC=C(OCO3)C3=C2)=N1	OSM S4	OSM-S-311	
			ClC1=CN=CC(N/N=C/C2=CC=C(C=CC=C3)C3=C2)=N1	OSM S4	OSM-S-312	
			ClC1=CN=CC(N/N=C/C2=CC=C(C(F)(F)F)N=C2)=N1	OSM S4	OSM-S-313	
			ClC1=CN=CC(N/N=C/C2CCCN(C2)C(OC(C)(C)C)=O)=N1	OSM S4	OSM-S-314	
			ClC1=CN=CC(N/N=C/C2CCCCC2)=N1	OSM S4	OSM-S-315	
			ClC1=CN=CC(N/N=C/CC)=N1	OSM S4	OSM-S-316	
			ClC1=CN=CC2=NN=C(C3=CC=C(OC(F)(F)F)C=C3)N21	OSM S4	OSM-S-317	
			ClC1=NC(N/N=C/C2=CC=NC=C2)=CN=C1	OSM S4	OSM-S-318	
			ClC(N12)=CN=CC1=NN=C2C3=CC(F)=CC(F)=C3	OSM S4	OSM-S-319	
			ClC(N12)=CN=CC1=NN=C2C3=CN=C(C(F)(F)F)C=C3	OSM S4	OSM-S-320	
			ClC(N12)=CN=CC1=NN=C2C3CCCCC3	OSM S4	OSM-S-321	
			ClC(N12)=CN=CC1=NN=C2C3CCCN(C3)C(OC(C)(C)C)=O	OSM S4	OSM-S-323	
			ClC(N12)=CN=CC1=NN=C2C3=CC=CC=C3	OSM S4	OSM-S-325	
			ClC(N12)=CN=CC1=NN=C2C3=CC(C=CC=C4)=C4C=C3	OSM S4	OSM-S-326	
			ClC(N12)=CN=CC1=NN=C2C3=CC(OCO4)=C4C=C3	OSM S4	OSM-S-327	
			FC1=C(F)C=C(C(C(O)=O)O)C=C1	OSM S4	OSM-S-329	
			FC1=C(F)C=C(C(C(OC)=O)OC)C=C1	OSM S4	OSM-S-330	
			FC1=C(F)C=C(C(CO)OC)C=C1	OSM S4	OSM-S-331	
			ClC1=CN=CC2=NN=C(C3=CC=NC=C3)N21	OSM S4	OSM-S-332	
			ClC(N12)=CN=CC1=NN=C2C3=CC(Cl)=CC=C3	OSM S4	OSM-S-333	
			ClC(N12)=CN=CC1=NN=C2C3=C(Cl)C=CC=C3	OSM S4	OSM-S-334	
			O=C(OCC)C(CO)C1=CC=CC=C1	OSM S4	OSM-S-335	
			OC(C(OC)=O)C1=CC=CC=C1	OSM S4	OSM-S-336	
			O=C(OC)C(OC)C1=CC=CC=C1	OSM S4	OSM-S-337	
			OCC(OC)C1=CC=CC=C1	OSM S4	OSM-S-338	
			O=C(OC)C(OC1OCCCC1)C2=CC=CC=C2	OSM S4	OSM-S-339	
			OCC(OC1OCCCC1)C2=CC=CC=C2	OSM S4	OSM-S-340	
			N[C@@H](CO)C1=CC=CC=C1	OSM S4	OSM-S-341	
			O=C(O)[C@H](NC(O)=O)C1=CC=CC=C1	OSM S4	OSM-S-342	
			OC[C@H](NC)C1=CC=CC=C1	OSM S4	OSM-S-343	
			OC[C@H](N(C)C)C1=CC=CC=C1	OSM S4	OSM-S-344	
			O=C(OCC)C(C1=CC=CC=C1)COC2=CN=CC3=NN=C(C4=CC=C(OC(F)F)C=C4)N32	OSM S4	OSM-S-345	
			OC(C)(C)COC1=CN=CC2=NN=C(C3=CC=C(OC(F)(F)F)C=C3)N21	OSM S4	OSM-S-354	
			FC(F)OC(C=C1)=CC=C1C2=NN=C3C=NC=C(OCC(C4=CC=CC=C4)CN)N32	OSM S4	OSM-S-355	
			OC(C1=CC=CC=C1)COC2=CN=CC3=NN=C(C4=NC=CC=C4)N32	OSM S4	OSM-S-356	
			FC(F)OC(C=C1)=CC=C1C2=NN=C3C=NC=C(OCC(C)(C)OC)N32	OSM S4	OSM-S-357	
			FC(F)OC(C=C1)=CC=C1C2=NN=C3C=NC=C(OCC(C4=CC=CC=C4)N(C)C)N32	OSM S4	OSM-S-358	
		C	FC(F)OC(C=C1)=CC=C1C2=NN=C3C=NC=C(S(CCC4=CC=CC=C4)(=O)=O)N32	OSM S4	OSM-S-365	
			ClC(C=C1)=CC=C1C2=NN=C3C=NC=C(N=[N+]=[N-])N32	OSM S4	OSM-W-1	
			FC(C(F)=C1)=CC=C1CCOC2=CN=CC3=NN=C(C4=CC=C(S(C)(=O)=O)C=C4)N32	OSM S4	OSM-W-3	
			[H]N(C1=NN=C(C2=CC=CC=C2)S1)C3=NC(OCCC4=CC=C(F)C=C4)=CN=C3	OSM S4	OSM-W-4	
			BrC1=CC2=NC=NC(N)=C2S1	OSM S3	OSM-S-139	
			BrC1=CC2=NC=NC(NN)=C2S1	OSM S3	OSM-S-140	
			CN(C)C1=C2C(C=CS2)=NC=N1	OSM S3	OSM-S-141	
			NC1=C2C(C=C(C3=CC(C(N4CCN(C)CC4)=O)=CC=C3)S2)=NC=N1	OSM S3	OSM-S-142	
			ClC1=C2C(C=C(C3=CC(S(N)(=O)=O)=CC=C3)S2)=NC=N1	OSM S3	OSM-S-143	
			NS(C1=CC=CC(C2=CC3=NC=NC(N(C)C)=C3S2)=C1)(=O)=O	OSM S3	OSM-S-145	
			n1cnc3ccsc3c1N2CCOCC2	OSM S3	OSM-S-64	
			Oc1ncnc2cc(I)sc12	OSM S3	OSM-S-65	
			C1(CSC2=NNC=N2)=CC=CC=C1	OSM S3	OSM-S-66	
			O=C(N(C)C)N(C=N1)N=C1SCC2=CC=CC=C2	OSM S3	OSM-S-67	
			O=CNc1ccsc1C(=O)OC	OSM S3	OSM-S-69	
			Clc1ncnc2ccsc12	OSM S3	OSM-S-70	
			NC1=C2C(C=C(C3CC=CC(S(=O)(N4CCCC4)=O)=C3)S2)=NC=N1	OSM S3		
			NC1=C2C(C=C(C3CC=CC(S(=O)(NC)=O)=C3)S2)=NC=N1	OSM S3		
			NC1=C2C(C=C(C3CC=CC(S(=O)(N(C)C)=O)=C3)S2)=NC=N1	OSM S3		
			NC1=C2C(C(C)=C(C3=CC=CC(S(=O)(N)=O)=C3)S2)=NC=N1	OSM S3		
			NC1=C2C(C(C)=C(C3C(C)C=CC(S(=O)(N)=O)=C3)S2)=NC=N1	OSM S3		
			OCCNC1=C2C(C=C(C3=CC=CC(S(=O)(N)=O)=C3)S2)=NC=N1	OSM S3		
			OCCCNC1=C2C(C=C(C3CC=CC(S(=O)(N)=O)=C3)S2)=NC=N1	OSM S3		
			O=S(N(C)C1=CC=C(Cl)C=C1)(C2=NN(C(N(C)C)=O)C=N2)=O	OSM S2	OSM-S-56	
			O=C([H])C1=C(C)N(C(C)=C1)C2=CC(OC)=CC=C2	OSM S1	OSM-A-10	
			IC1=CC=C(N2C(C)=CC=C2C)C=C1	OSM S1	OSM-A-11	
			IC1=CC=C(N2C(C)=CC(C([H])=O)=C2C)C=C1	OSM S1	OSM-A-12	
			CC1=CC=C(C)N1C2=CC=C(S(=O)(N)=O)C=C2	OSM S1	OSM-A-5	
			O=C([H])C1=C(C)N(C(C)=C1)C2=CC=C(S(N)=O)C=C2	OSM S1	OSM-A-6	
			CC1=CC=C(C)N1C2=CC=C(C#N)C=C2	OSM S1	OSM-A-7	
			O=C([H])C1=C(C)N(C(C)=C1)C2=CC=C(C#N)C=C2	OSM S1	OSM-A-8	
			CC1=CC=C(C)N1C2=CC(OC)=CC=C2	OSM S1	OSM-A-9	
			FC1=CC=C(N2C(C)=CC(S(N(C)CC(OC)=O)(=O)=O)=C2C)C=C1	OSM S1	OSM-E-10	
			FC1=CC=C(N2C(C)=CC(S(N([H])CC(OC)=O)(=O)=O)=C2C)C=C1	OSM S1	OSM-E-11	
			FC1=CC=C(N2C(C)=CC(S([O-])(=O)=O)=C2C)C=C1.[H][N+]3=CC=CC=C3	OSM S1	OSM-E-12	
			FC1=CC=C(N2C(C)=C(S(N(CC(OC)=O)C)(=O)=O)C(S(N(C)CC(OC)=O)(=O)=O)=C2C)C=C1	OSM S1	OSM-E-13	
			O=C(OC)COCC#C	OSM S1	OSM-E-14	
			FC1=CC=C(N2C(C)=CC(S(Cl)(=O)=O)=C2C)C=C1	OSM S1	OSM-E-9	
			O=C(OCC#N)C1=C(C)N(N=C1)C2=CC=CC=C2	OSM S1	OSM-L-2	
			FC1=CC=C(N2C(C)=CC=C2C)C=C1	OSM S1	OSM-S-1	
			FC1=CC=C(N2C(C)=C(CO)C=C2C)C=C1	OSM S1	OSM-S-11	
			O=C(C1=CC=CC=C1)NCC(O)=O	OSM S1	OSM-S-15	
			O=C(NC1=C(C)N(C)N(C2=CC=CC=C2)C1=O)CNC(OC(C)(C)C)=O	OSM S1	OSM-S-17	
			NCC(NC1=C(C)N(C)N(C2=CC=CC=C2)C1=O)=O	OSM S1	OSM-S-18	
			OCC(NC1=C(C)N(C)N(C2=CC=CC=C2)C1=O)=O	OSM S1	OSM-S-192	
			O=C1COC(C)(C)O1	OSM S1	OSM-S-193	
			FC1=CC=C(N2C(C)=CC(C(Cl)=O)=C2C)C=C1	OSM S1	OSM-S-20	
			FC1=CC=C(N2C(C)=CC(C(N)=O)=C2C)C=C1	OSM S1	OSM-S-22	
			CC1=C(C(OCC)=O)C=NN1C2=CC=CC=C2	OSM S1	OSM-S-23	
			FC1=CC=C(N2C(C)=CC(COCC(N)=O)=C2C)C=C1	OSM S1	OSM-S-236	
			CC1=C(C(O)=O)C=NN1C2=CC=CC=C2	OSM S1	OSM-S-24	
			FC1=CC=C(N2N=CC(C(OCC)=O)=C2C)C=C1	OSM S1	OSM-S-241	
			FC1=CC=C(N2N=CC(C(O)=O)=C2C)C=C1	OSM S1	OSM-S-242	
			FC1=CC=C(N2N=CC(C(OCC)=O)=C2N)C=C1	OSM S1	OSM-S-243	
			FC1=CC=C(N2N=CC(C(OCC)=O)=C2)C=C1	OSM S1	OSM-S-244	
			FC1=CC=C(N2N=CC(C(O)=O)=C2)C=C1	OSM S1	OSM-S-245	
			FC1=CC=C(N2C(C)=CC(C3=NC(C(N)=O)=CO3)=C2C)C=C1	OSM S1	OSM-S-246	
			FC1=CC=C(N2C(C)=CC(C3=NC(C(OCC)=O)=CO3)=C2C)C=C1	OSM S1	OSM-S-247	
			FC1=CC=C(N2C(C)=CC(C3=NC(C(N)=O)CO3)=C2C)C=C1	OSM S1	OSM-S-248	
			FC1=CC=C(N2C(C)=CC(C(N(C(C(N)=O)CO)[H])=O)=C2C)C=C1	OSM S1	OSM-S-249	
			CC1=CC=C(C)N1C2=CC=CC=C2	OSM S1	OSM-S-25	
			FC1=CC=C(N2N=CC(C(N(C(C(OC)=O)CO)[H])=O)=C2C)C=C1	OSM S1	OSM-S-250	
			FC1=CC=C(N2N=CC(C(N(C(C(N)=O)CO)[H])=O)=C2C)C=C1	OSM S1	OSM-S-251	
			CC1=C(C(N(C(C(OC)=O)CO)[H])=O)C=NN1C2=CC=CC=C2	OSM S1	OSM-S-252	
			O=C(OCC)C1=CN(C=C1)C2=CC=C(F)C=C2	OSM S1	OSM-S-253	
			CC1=CC=C(C)N1C2=CC=C(C)C=C2	OSM S1	OSM-S-26	
			FC1=CC=C(N2C(C)=CC(C(NN)=O)=C2C)C=C1	OSM S1	OSM-S-266	
			FC1=CC=C(N2C(C)=CC(C(NNC(C)=O)=O)=C2C)C=C1	OSM S1	OSM-S-267	
			FC1=CC=C(N2C(C)=CC(C(NNC(C(OC)=O)=O)=O)=C2C)C=C1	OSM S1	OSM-S-268	
			FC1=CC=C(N2C(C)=CC(C3=NN=C(C(OC)=O)O3)=C2C)C=C1	OSM S1	OSM-S-269	
			CC1=CC=C(C)N1C2=CC=C(C(F)(F)F)C=C2	OSM S1	OSM-S-27	
			CN(CC(O)=N)CC1=CC=CC=C1	OSM S1	OSM-S-284	
			[H]N(CC(N)=O)C	OSM S1	OSM-S-285	
			OC(CS/1)=NC1=N\C2=CC=CC=C2	OSM S1	OSM-S-286	
			CC1=CC=C(C)N1C2=CC=C([N+]([O-])=O)C=C2	OSM S1	OSM-S-287	
			O=C([H])C1=C(C)N(C2=CC=C([N+]([O-])=O)C=C2)C(C)=C1	OSM S1	OSM-S-288	
			CC1=CC=C(C)N1C2=CC=C(OC)C=C2	OSM S1	OSM-S-289	
			O=C([H])C1=C(C)N(C(C)=C1)C2=CC=C(OC)C=C2	OSM S1	OSM-S-290	
			CC1=CC=C(C)N1C2=CC(C(F)(F)F)=CC(C(F)(F)F)=C2	OSM S1	OSM-S-33	
			CC1=C(C=O)C=C(C)N1C2=CC=C(C(F)(F)F)C=C2	OSM S1	OSM-S-34	
			CC1=C(C=O)C=C(C)N1C2=CC(C(F)(F)F)=CC(C(F)(F)F)=C2	OSM S1	OSM-S-36	
			CC1=CC=C(C)N1C2=CC=C(C(OCC)=O)C=C2	OSM S1	OSM-S-40	
			CC1=CC=C(C)N1C2=CC=CC=N2	OSM S1	OSM-S-41	
			CC1=C(C=O)C=C(C)N1C2=CC=CC=N2	OSM S1	OSM-S-44	
			CC1=C(C=O)C=C(C)N1C2=CC=C(C(OCC)=O)C=C2	OSM S1	OSM-S-46	
			O=C1CS/C(N1C2=CC=CC=C2)=N\C3=CC=CC=C3	OSM S1	OSM-S-47	
			S=C(NC(C)=O)NC1=CC=CC=C1	OSM S1	OSM-S-53	
			FC(C=C1)=CC=C1N2C(C)=C(C(OC3)=NC3C(OC)=O)C=C2C	OSM S1	OSM-S-63	
			CCC1=NN=C2C=NC=C(N21)Cl		OSM-S-322	
			ClC1=CN=CC2=NN=C(C3=CC=C(OC(F)F)C=C3)N21		OSM-S-324	
			OC1=CN=CC2=NN=C(C3=CC=C(OC(F)F)C=C3)N21		OSM-S-328	
			NC1=CN=CC2=NN=C(C3=CC=C(Cl)C=C3)N21		OSM-W-2	
			ClC1=C2C(C3(CCN(CC4=CC=CC=C4)CC3)OCC2)=CC=C1	OSTB	OSM-S-195	
			COC1=C(OC)C=C(C2(CCN(CC3=CC=CC=C3)CC2)OCC4)C4=C1	OSTB	OSM-S-196	
			C12=CC=CC=C1C3=C(C4(CCNCC4)OCC3)[N]2	OSTB	OSM-S-197	
			C1(C2(CCN(CC3=CC=CC=C3)CC2)OCC4)=C4C=CS1	OSTB	OSM-S-198	
			C1(C(C=CC=C2)=C2[N]3)=C3C4(CCN(CC5=CC=C(OCCO6)C6=C5)CC4)OCC1	OSTB	OSM-S-199	
			C12=CC=CC=C1C3=C(C4(CCN(CC5=CC=CC=C5)CC4)OCC3)S2	OSTB	OSM-S-200	
			C1(CCOC23CCN(CC4=CC=CC=C4)CC3)=C2C=CS1	OSTB	OSM-S-209	
			C1(CCOC23CCN(CC4=CC(OCCO5)=C5C=C4)CC3)=C2C=CS1	OSTB	OSM-S-210	
			C1(CCOC23CCN(CC4=CC(OCO5)=C5C=C4)CC3)=C2C=CS1	OSTB	OSM-S-211	
			ClC(C=C1)=CC=C1CN(CC2)CCC32C4=C(SC=C4)CCO3	OSTB	OSM-S-212	
			O=C(C1=CC=C(Br)C=C1)N(CC2)CCC32C4=C(SC=C4)CCO3	OSTB	OSM-S-213	
			CC1=C(C=C(C)N1C2=CC=C(F)C=C2)CN(CC3)CCC43C5=C(SC=C5)CCO4	OSTB	OSM-S-214	
			C1(CCOC23CCN(C4CCCCC4)CC3)=C2C=CS1	OSTB	OSM-S-215	
			O=C(C1=CC=CC=C1)N(CC2)CCC32C4=C(SC=C4)CCO3	OSTB	OSM-S-216	
			O=C(OCCCl)N(CC1)CCC21C3=C(SC=C3)CCO2	OSTB	OSM-S-217	
